timestamp,total_events,consensus_events
20:59:10,15,0
20:59:11,20,0
20:59:12,22,0
20:59:13,25,0
20:59:14,32,18
20:59:15,38,25
20:59:16,43,25
20:59:17,46,33
20:59:18,50,33
20:59:19,55,40
20:59:20,59,40
20:59:21,62,47
20:59:22,69,53
20:59:23,74,58
20:59:24,75,58
20:59:25,81,67
20:59:26,83,67
20:59:28,90,73
20:59:29,92,73
20:59:30,92,79
20:59:31,101,85
20:59:32,103,85
20:59:33,107,85
20:59:34,113,93
20:59:35,113,93
20:59:36,116,101
20:59:37,122,107
20:59:38,127,107
20:59:39,127,107
20:59:40,132,117
20:59:41,136,124
20:59:42,142,132
20:59:43,142,132
20:59:44,147,132
20:59:46,151,136
20:59:47,157,143
20:59:48,160,143
20:59:49,160,143
20:59:50,167,153
20:59:51,170,153
20:59:52,175,159
20:59:53,178,159
20:59:54,178,159
20:59:55,187,166
20:59:56,190,174
20:59:57,193,174
20:59:58,196,183
20:59:59,199,183
21:00:00,209,189
21:00:01,212,197
21:00:02,212,197
21:00:04,219,197
21:00:05,219,197
21:00:06,224,204
21:00:07,224,204
21:00:08,232,214
21:00:09,237,214
21:00:10,237,214
21:00:11,243,223
21:00:12,245,223
21:00:13,245,223
21:00:14,253,232
21:00:15,253,232
21:00:16,258,242
21:00:17,260,242
21:00:18,263,249
21:00:19,272,256
21:00:20,274,256
21:00:22,274,256
21:00:23,284,263
21:00:24,284,263
21:00:25,288,271
21:00:26,294,271
21:00:27,294,271
21:00:28,298,279
21:00:29,300,279
21:00:30,308,288
21:00:31,311,288
21:00:32,313,299
21:00:33,313,299
21:00:34,324,307
21:00:35,324,307
21:00:36,330,315
21:00:37,332,315
21:00:38,332,315
21:00:40,338,322
21:00:41,340,322
21:00:42,344,328
21:00:43,344,328
21:00:44,349,337
21:00:45,355,337
21:00:46,357,337
21:00:47,360,343
21:00:48,367,343
21:00:49,372,348
21:00:50,373,348
21:00:51,377,360
21:00:52,379,360
21:00:53,379,360
21:00:54,379,360
21:00:56,379,360
21:00:57,384,372
21:00:58,389,377
21:00:59,390,377
21:01:00,398,381
21:01:01,400,381
21:01:02,403,390
21:01:03,409,398
21:01:04,413,398
21:01:05,415,398
21:01:06,420,404
21:01:07,424,404
21:01:08,429,411
21:01:09,429,411
21:01:10,440,420
21:01:11,440,420
21:01:12,440,420
21:01:13,447,430
21:01:14,447,430
21:01:16,451,436
21:01:17,458,443
21:01:18,458,443
21:01:19,465,451
21:01:20,468,451
21:01:21,468,451
21:01:22,471,459
21:01:23,478,466
21:01:24,483,471
21:01:25,486,471
21:01:26,486,471
21:01:27,493,476
21:01:28,496,482
21:01:29,496,482
21:01:31,504,490
21:01:32,506,490
21:01:33,512,497
21:01:34,516,504
21:01:35,517,504
21:01:36,520,504
21:01:37,526,510
21:01:38,529,517
21:01:39,529,517
21:01:40,538,524
21:01:41,540,524
21:01:42,546,530
21:01:43,551,538
21:01:44,554,538
21:01:45,559,544
21:01:46,561,544
21:01:48,561,544
21:01:49,567,551
21:01:50,570,559
21:01:51,570,559
21:01:52,575,563
21:01:53,580,563
21:01:54,582,563
21:01:55,591,576
21:01:56,592,576
21:01:57,595,576
21:01:58,599,576
21:01:59,602,585
21:02:00,607,585
21:02:01,612,593
21:02:03,612,593
21:02:04,618,602
21:02:05,622,612
21:02:06,622,612
21:02:07,629,616
21:02:08,633,616
21:02:09,633,616
21:02:10,639,622
21:02:11,641,622
21:02:12,643,631
21:02:13,649,638
21:02:14,653,638
21:02:15,655,638
21:02:16,663,643
21:02:17,666,651
21:02:18,666,651
21:02:19,675,660
21:02:20,675,660
21:02:22,681,667
21:02:23,685,667
21:02:24,685,667
21:02:25,694,681
21:02:26,698,681
21:02:27,701,688
21:02:28,706,688
21:02:29,706,688
21:02:30,710,695
21:02:31,716,702
21:02:32,716,702
21:02:33,716,702
21:02:34,727,710
21:02:35,727,710
21:02:36,727,710
21:02:37,732,717
21:02:38,732,717
21:02:39,740,724
21:02:41,743,724
21:02:42,747,733
21:02:43,752,733
21:02:44,756,740
21:02:45,761,740
21:02:46,761,740
21:02:47,766,749
21:02:48,769,749
21:02:49,772,756
21:02:50,778,764
21:02:51,778,764
21:02:52,783,772
21:02:53,785,772
21:02:54,789,772
21:02:55,793,779
21:02:57,800,785
21:02:58,800,785
21:02:59,804,795
21:03:00,808,795
21:03:01,811,795
21:03:02,811,795
21:03:03,817,801
21:03:04,823,806
21:03:05,823,806
21:03:06,831,816
21:03:07,835,822
21:03:08,839,822
21:03:09,844,828
21:03:10,845,828
21:03:11,848,837
21:03:12,856,842
21:03:13,856,842
21:03:15,858,842
21:03:16,864,848
21:03:17,868,854
21:03:18,870,854
21:03:19,880,861
21:03:20,882,867
21:03:21,885,867
21:03:22,889,876
21:03:23,892,876
21:03:24,896,883
21:03:25,896,883
21:03:26,904,889
21:03:27,904,889
21:03:28,912,898
21:03:29,917,898
21:03:30,918,898
21:03:31,918,898
21:03:32,925,904
21:03:33,925,904
21:03:35,925,904
21:03:36,925,904
21:03:37,932,914
21:03:38,932,914
21:03:39,937,921
21:03:40,945,921
21:03:41,947,928
21:03:42,951,928
21:03:43,957,939
21:03:44,957,939
21:03:45,963,949
21:03:46,968,955
21:03:47,968,955
21:03:48,975,961
21:03:49,977,961
21:03:50,977,961
21:03:51,985,969
21:03:52,991,975
21:03:54,994,975
21:03:55,998,981
21:03:56,1003,988
21:03:57,1005,988
21:03:58,1005,988
21:03:59,1016,1002
21:04:00,1018,1002
21:04:01,1021,1002
21:04:02,1021,1002
21:04:03,1030,1011
21:04:04,1036,1018
21:04:05,1036,1018
21:04:06,1042,1026
21:04:07,1046,1026
21:04:08,1052,1042
21:04:09,1055,1042
21:04:10,1060,1042
21:04:12,1065,1048
21:04:13,1065,1048
21:04:14,1071,1054
21:04:15,1078,1062
21:04:16,1079,1062
21:04:17,1079,1062
21:04:18,1087,1069
21:04:19,1087,1069
21:04:20,1095,1079
21:04:21,1098,1079
21:04:22,1101,1085
21:04:23,1107,1094
21:04:24,1112,1094
21:04:25,1115,1094
21:04:26,1118,1101
21:04:27,1120,1101
21:04:28,1125,1101
21:04:29,1131,1108
21:04:31,1132,1108
21:04:32,1135,1119
21:04:33,1142,1129
21:04:34,1146,1129
21:04:35,1149,1135
21:04:36,1153,1135
21:04:37,1157,1142
21:04:38,1163,1148
21:04:39,1163,1148
21:04:40,1163,1148
21:04:41,1171,1159
21:04:42,1171,1159
21:04:43,1176,1164
21:04:44,1182,1164
21:04:45,1182,1164
21:04:46,1186,1171
21:04:47,1193,1171
21:04:49,1193,1171
21:04:50,1201,1178
21:04:51,1204,1188
21:04:52,1207,1188
21:04:53,1214,1196
21:04:54,1214,1196
21:04:55,1219,1205
21:04:56,1226,1209
21:04:57,1226,1209
21:04:58,1226,1209
21:04:59,1230,1217
21:05:00,1236,1217
21:05:01,1236,1217
21:05:02,1241,1227
21:05:03,1246,1232
21:05:04,1250,1232
21:05:05,1254,1239
21:05:07,1257,1239
21:05:08,1261,1246
21:05:09,1266,1246
21:05:10,1269,1254
21:05:11,1269,1254
21:05:12,1279,1263
21:05:13,1279,1263
21:05:14,1283,1269
21:05:15,1290,1276
21:05:16,1291,1276
21:05:17,1297,1276
21:05:18,1300,1283
21:05:19,1304,1291
21:05:20,1304,1291
21:05:21,1310,1291
21:05:22,1313,1291
21:05:23,1317,1299
21:05:24,1323,1306
21:05:26,1324,1306
21:05:27,1328,1318
21:05:28,1336,1318
21:05:29,1336,1318
21:05:30,1343,1324
21:05:31,1346,1330
21:05:32,1348,1330
21:05:33,1354,1339
21:05:34,1357,1339
21:05:35,1357,1339
21:05:36,1359,1347
21:05:37,1368,1353
21:05:38,1368,1353
21:05:39,1375,1359
21:05:40,1377,1359
21:05:41,1377,1359
21:05:42,1386,1375
21:05:43,1387,1375
21:05:45,1393,1380
21:05:46,1395,1380
21:05:47,1400,1387
21:05:48,1404,1387
21:05:49,1407,1387
21:05:50,1407,1387
21:05:51,1414,1394
21:05:52,1420,1403
21:05:53,1420,1403
21:05:54,1427,1414
21:05:55,1430,1414
21:05:56,1432,1414
21:05:57,1439,1420
21:05:58,1442,1428
21:05:59,1442,1428
21:06:00,1446,1437
21:06:01,1448,1437
21:06:02,1448,1437
21:06:04,1456,1443
21:06:05,1458,1443
21:06:06,1465,1448
21:06:07,1468,1448
21:06:08,1468,1448
21:06:09,1476,1454
21:06:10,1476,1454
21:06:11,1480,1463
21:06:12,1483,1463
21:06:13,1483,1463
21:06:14,1483,1463
21:06:15,1483,1463
21:06:16,1489,1471
21:06:17,1492,1471
21:06:18,1499,1480
21:06:19,1505,1488
21:06:20,1508,1488
21:06:21,1510,1498
21:06:23,1521,1504
21:06:24,1521,1504
21:06:25,1521,1504
21:06:26,1529,1510
21:06:27,1530,1510
21:06:28,1538,1522
21:06:29,1541,1522
21:06:30,1542,1522
21:06:31,1547,1530
21:06:32,1549,1530
21:06:33,1553,1538
21:06:34,1558,1546
21:06:35,1560,1546
21:06:36,1564,1552
21:06:37,1568,1552
21:06:38,1571,1557
21:06:39,1575,1557
21:06:40,1580,1566
21:06:42,1580,1566
21:06:43,1586,1572
21:06:44,1592,1572
21:06:45,1592,1572
21:06:46,1592,1572
21:06:47,1592,1572
21:06:48,1600,1579
21:06:49,1604,1586
21:06:50,1607,1596
21:06:51,1609,1596
21:06:52,1613,1603
21:06:53,1620,1603
21:06:54,1620,1603
21:06:55,1627,1608
21:06:56,1630,1615
21:06:57,1633,1615
21:06:58,1639,1623
21:06:59,1641,1623
21:07:00,1646,1631
21:07:01,1650,1631
21:07:03,1650,1631
21:07:04,1656,1641
21:07:05,1661,1648
21:07:06,1662,1648
21:07:07,1669,1654
21:07:08,1673,1654
21:07:09,1676,1662
21:07:10,1681,1662
21:07:11,1685,1668
21:07:12,1691,1678
21:07:13,1691,1678
21:07:14,1699,1687
21:07:15,1699,1687
21:07:16,1703,1692
21:07:17,1708,1692
21:07:18,1708,1692
21:07:19,1715,1705
21:07:21,1717,1705
21:07:22,1720,1705
21:07:23,1724,1712
21:07:24,1731,1717
21:07:25,1732,1717
21:07:26,1739,1725
21:07:27,1743,1725
21:07:28,1746,1732
21:07:29,1750,1732
21:07:30,1751,1738
21:07:31,1755,1738
21:07:32,1758,1746
21:07:33,1761,1746
21:07:34,1767,1751
21:07:35,1767,1751
21:07:36,1776,1760
21:07:37,1779,1765
21:07:39,1779,1765
21:07:40,1784,1771
21:07:41,1786,1771
21:07:42,1790,1771
21:07:43,1795,1780
21:07:44,1797,1780
21:07:45,1800,1785
21:07:46,1803,1785
21:07:47,1812,1793
21:07:48,1818,1800
21:07:49,1821,1808
21:07:50,1823,1808
21:07:51,1825,1816
21:07:52,1833,1822
21:07:53,1836,1822
21:07:54,1838,1827
21:07:55,1843,1834
21:07:57,1845,1834
21:07:58,1847,1834
21:07:59,1853,1840
21:08:00,1859,1840
21:08:01,1859,1840
21:08:02,1863,1845
21:08:03,1867,1852
21:08:04,1868,1852
21:08:05,1874,1861
21:08:06,1876,1861
21:08:07,1881,1868
21:08:08,1887,1875
21:08:09,1891,1875
21:08:10,1891,1875
21:08:11,1897,1883
21:08:12,1899,1883
21:08:13,1899,1883
21:08:15,1901,1888
21:08:16,1907,1888
21:08:17,1910,1896
21:08:18,1915,1896
21:08:19,1919,1903
21:08:20,1921,1903
21:08:21,1927,1911
21:08:22,1931,1920
21:08:23,1933,1920
21:08:24,1943,1927
21:08:25,1943,1927
21:08:26,1945,1933
21:08:27,1949,1933
21:08:28,1957,1940
21:08:29,1960,1946
21:08:30,1967,1946
21:08:31,1968,1954
21:08:32,1974,1959
21:08:33,1974,1959
21:08:34,1981,1966
21:08:36,1984,1972
21:08:37,1988,1972
21:08:38,1991,1978
21:08:39,1994,1978
21:08:40,1999,1985
21:08:41,2004,1985
21:08:42,2006,1992
21:08:43,2006,1992
21:08:44,2017,2001
21:08:45,2017,2001
21:08:46,2019,2007
21:08:47,2024,2013
21:08:48,2024,2013
21:08:49,2028,2013
21:08:50,2034,2021
21:08:51,2034,2021
21:08:52,2034,2021
21:08:54,2041,2025
21:08:55,2041,2025
21:08:56,2047,2035
21:08:57,2054,2041
21:08:58,2054,2041
21:08:59,2058,2041
21:09:00,2061,2048
21:09:01,2063,2048
21:09:02,2067,2056
21:09:03,2070,2056
21:09:04,2074,2062
21:09:05,2075,2062
21:09:06,2079,2062
21:09:07,2084,2069
21:09:08,2084,2069
21:09:09,2089,2074
21:09:10,2092,2074
21:09:11,2092,2074
21:09:13,2098,2083
21:09:14,2102,2091
21:09:15,2102,2091
21:09:16,2105,2091
21:09:17,2111,2098
21:09:18,2111,2098
21:09:19,2117,2104
21:09:20,2119,2104
21:09:21,2121,2104
21:09:22,2128,2113
21:09:23,2132,2119
21:09:24,2139,2126
21:09:25,2143,2126
21:09:26,2143,2126
21:09:27,2151,2132
21:09:28,2154,2138
21:09:29,2158,2138
21:09:31,2163,2138
21:09:32,2163,2146
21:09:33,2163,2146
21:09:34,2172,2155
21:09:35,2174,2155
21:09:36,2177,2163
21:09:37,2182,2163
21:09:38,2186,2171
21:09:39,2192,2171
21:09:40,2196,2178
21:09:41,2199,2178
21:09:42,2206,2187
21:09:43,2206,2187
21:09:44,2206,2187
21:09:45,2212,2197
21:09:46,2216,2203
21:09:47,2219,2203
21:09:48,2225,2210
21:09:50,2225,2210
21:09:51,2229,2210
21:09:52,2235,2218
21:09:53,2235,2218
21:09:54,2239,2226
21:09:55,2245,2226
21:09:56,2245,2226
21:09:57,2250,2235
21:09:58,2258,2241
21:09:59,2258,2241
21:10:00,2258,2241
21:10:01,2264,2248
21:10:02,2266,2248
21:10:03,2269,2248
21:10:04,2276,2259
21:10:05,2278,2259
21:10:07,2280,2265
21:10:08,2288,2274
21:10:09,2291,2274
21:10:10,2294,2280
21:10:11,2302,2289
21:10:12,2308,2296
21:10:13,2313,2296
21:10:14,2316,2303
21:10:15,2320,2303
21:10:16,2326,2310
21:10:17,2326,2310
21:10:18,2332,2317
21:10:19,2335,2317
21:10:20,2340,2325
21:10:21,2342,2325
21:10:22,2346,2331
21:10:23,2351,2331
21:10:25,2354,2342
21:10:26,2357,2342
21:10:27,2362,2348
21:10:28,2364,2348
21:10:29,2364,2348
21:10:30,2369,2354
21:10:31,2373,2362
21:10:32,2373,2362
21:10:33,2381,2367
21:10:34,2383,2367
21:10:35,2386,2374
21:10:36,2391,2374
21:10:37,2394,2380
21:10:38,2401,2380
21:10:39,2405,2388
21:10:40,2411,2395
21:10:41,2415,2404
21:10:42,2415,2404
21:10:44,2419,2410
21:10:45,2426,2410
21:10:46,2429,2415
21:10:47,2435,2421
21:10:48,2435,2421
21:10:49,2442,2429
21:10:50,2445,2429
21:10:51,2449,2436
21:10:52,2452,2436
21:10:53,2455,2443
21:10:54,2461,2443
21:10:55,2461,2443
21:10:56,2467,2451
21:10:57,2467,2451
21:10:58,2475,2455
21:10:59,2479,2465
21:11:00,2479,2465
21:11:01,2482,2470
21:11:02,2488,2479
21:11:04,2492,2484
21:11:05,2492,2484
21:11:06,2501,2488
21:11:07,2501,2488
21:11:08,2505,2488
21:11:09,2511,2494
21:11:10,2512,2494
21:11:11,2512,2494
21:11:12,2518,2502
21:11:13,2520,2502
21:11:14,2525,2509
21:11:15,2530,2518
21:11:16,2534,2518
21:11:17,2539,2523
21:11:18,2542,2523
21:11:19,2542,2523
21:11:20,2546,2531
21:11:21,2548,2531
21:11:23,2552,2538
21:11:24,2558,2547
21:11:25,2564,2552
21:11:26,2566,2552
21:11:27,2566,2552
21:11:28,2572,2556
21:11:29,2572,2556
21:11:30,2577,2562
21:11:31,2581,2569
21:11:32,2581,2569
21:11:33,2581,2569
21:11:34,2581,2569
21:11:35,2581,2569
21:11:36,2584,2574
21:11:37,2589,2582
21:11:38,2593,2582
21:11:39,2597,2582
21:11:41,2601,2586
21:11:42,2603,2586
21:11:43,2606,2591
21:11:44,2613,2602
21:11:45,2613,2602
21:11:46,2618,2602
21:11:47,2622,2607
21:11:48,2622,2607
21:11:49,2628,2607
21:11:50,2633,2613
21:11:51,2636,2623
21:11:52,2638,2623
21:11:53,2643,2631
21:11:54,2646,2631
21:11:55,2653,2637
21:11:56,2656,2637
21:11:58,2663,2641
21:11:59,2668,2651
21:12:00,2670,2651
21:12:01,2678,2659
21:12:02,2678,2659
21:12:03,2685,2667
21:12:04,2688,2673
21:12:05,2692,2673
21:12:06,2698,2681
21:12:07,2701,2681
21:12:08,2707,2681
21:12:09,2714,2689
21:12:10,2717,2699
21:12:11,2717,2699
21:12:12,2723,2710
21:12:13,2727,2710
21:12:15,2730,2718
21:12:16,2735,2722
21:12:17,2739,2722
21:12:18,2739,2722
21:12:19,2745,2732
21:12:20,2747,2732
21:12:21,2747,2732
21:12:22,2753,2737
21:12:23,2756,2745
21:12:24,2761,2745
21:12:25,2768,2750
21:12:26,2771,2757
21:12:27,2774,2757
21:12:28,2779,2767
21:12:29,2783,2767
21:12:30,2789,2772
21:12:31,2793,2781
21:12:33,2796,2781
21:12:34,2800,2786
21:12:35,2807,2793
21:12:36,2807,2793
21:12:37,2810,2802
21:12:38,2816,2808
21:12:39,2816,2808
21:12:40,2821,2808
21:12:41,2826,2812
21:12:42,2826,2812
21:12:43,2830,2817
21:12:44,2840,2825
21:12:45,2840,2825
21:12:46,2840,2825
21:12:47,2847,2832
21:12:48,2851,2838
21:12:50,2851,2838
21:12:51,2857,2843
21:12:52,2861,2843
21:12:53,2861,2843
21:12:54,2867,2852
21:12:55,2871,2859
21:12:56,2872,2859
21:12:57,2879,2865
21:12:58,2882,2865
21:12:59,2884,2865
21:13:00,2891,2873
21:13:01,2894,2881
21:13:02,2899,2889
21:13:03,2901,2889
21:13:04,2905,2893
21:13:05,2910,2893
21:13:06,2913,2898
21:13:07,2916,2898
21:13:09,2920,2907
21:13:10,2925,2914
21:13:11,2928,2922
21:13:12,2928,2922
21:13:13,2937,2926
21:13:14,2938,2926
21:13:15,2943,2930
21:13:16,2946,2930
21:13:17,2948,2930
21:13:18,2951,2938
21:13:19,2956,2945
21:13:20,2958,2945
21:13:21,2961,2945
21:13:22,2961,2945
21:13:23,2968,2952
21:13:25,2971,2958
21:13:26,2977,2966
21:13:27,2981,2966
21:13:28,2986,2972
21:13:29,2990,2972
21:13:30,2991,2972
21:13:31,2991,2972
21:13:32,2998,2979
21:13:33,3004,2988
21:13:34,3007,2988
21:13:35,3011,2995
21:13:36,3014,3001
21:13:37,3016,3001
21:13:38,3016,3001
21:13:39,3024,3010
21:13:40,3026,3010
21:13:41,3026,3010
21:13:43,3033,3022
21:13:44,3036,3022
21:13:45,3036,3022
21:13:46,3046,3029
21:13:47,3046,3029
21:13:48,3049,3033
21:13:49,3056,3042
21:13:50,3057,3042
21:13:51,3060,3050
21:13:52,3062,3050
21:13:53,3067,3056
21:13:54,3073,3056
21:13:55,3073,3056
21:13:57,3083,3062
21:13:58,3087,3069
21:13:59,3091,3079
21:14:00,3094,3079
21:14:01,3097,3079
21:14:02,3097,3079
21:14:03,3108,3093
21:14:04,3109,3093
21:14:05,3113,3100
21:14:06,3120,3100
21:14:07,3120,3100
21:14:08,3126,3109
21:14:09,3126,3109
21:14:10,3132,3115
21:14:11,3135,3115
21:14:12,3137,3123
21:14:13,3137,3123
21:14:14,3137,3123
21:14:15,3137,3123
21:14:17,3141,3123
21:14:18,3150,3129
21:14:19,3152,3129
21:14:20,3153,3129
21:14:21,3153,3129
21:14:22,3161,3138
21:14:23,3164,3147
21:14:24,3167,3156
21:14:25,3172,3156
21:14:26,3174,3165
21:14:27,3178,3165
21:14:28,3183,3169
21:14:29,3190,3169
21:14:30,3192,3175
21:14:31,3196,3183
21:14:33,3201,3183
21:14:34,3203,3192
21:14:35,3208,3198
21:14:36,3216,3204
21:14:37,3216,3204
21:14:38,3218,3210
21:14:39,3226,3214
21:14:40,3226,3214
21:14:41,3234,3220
21:14:42,3236,3220
21:14:43,3236,3220
21:14:44,3245,3227
21:14:45,3249,3234
21:14:46,3249,3234
21:14:47,3257,3240
21:14:48,3257,3240
21:14:49,3267,3240
21:14:50,3269,3251
21:14:52,3269,3251
21:14:53,3274,3258
21:14:54,3278,3258
21:14:55,3285,3267
21:14:56,3287,3267
21:14:57,3289,3273
21:14:58,3295,3273
21:14:59,3298,3283
21:15:00,3304,3289
21:15:01,3304,3289
21:15:02,3310,3299
21:15:03,3310,3299
21:15:04,3315,3299
21:15:05,3322,3306
21:15:06,3325,3306
21:15:07,3331,3312
21:15:08,3331,3312
21:15:09,3331,3312
21:15:10,3343,3328
21:15:11,3345,3328
21:15:13,3350,3336
21:15:14,3352,3336
21:15:15,3356,3344
21:15:16,3358,3344
21:15:17,3366,3349
21:15:18,3373,3358
21:15:19,3378,3365
21:15:20,3380,3365
21:15:21,3382,3365
21:15:22,3388,3375
21:15:23,3391,3375
21:15:24,3393,3380
21:15:25,3399,3387
21:15:26,3402,3387
21:15:27,3404,3387
21:15:28,3410,3393
21:15:29,3412,3393
21:15:31,3414,3400
21:15:32,3420,3410
21:15:33,3424,3414
21:15:34,3428,3414
21:15:35,3428,3414
21:15:36,3434,3421
21:15:37,3441,3426
21:15:38,3441,3426
21:15:39,3449,3434
21:15:40,3455,3441
21:15:41,3457,3441
21:15:42,3457,3441
21:15:43,3463,3448
21:15:44,3465,3448
21:15:45,3465,3448
21:15:46,3473,3457
21:15:47,3477,3457
21:15:49,3480,3465
21:15:50,3484,3465
21:15:51,3487,3472
21:15:52,3489,3472
21:15:53,3495,3481
21:15:54,3500,3488
21:15:55,3503,3488
21:15:56,3505,3495
21:15:57,3506,3495
21:15:58,3516,3502
21:15:59,3518,3502
21:16:00,3521,3506
21:16:01,3526,3516
21:16:02,3530,3516
21:16:03,3532,3516
21:16:04,3537,3520
21:16:05,3541,3520
21:16:06,3541,3520
21:16:07,3549,3528
21:16:08,3552,3537
21:16:10,3557,3547
21:16:11,3559,3547
21:16:12,3559,3547
21:16:13,3564,3554
21:16:14,3569,3554
21:16:15,3569,3554
21:16:16,3572,3559
21:16:17,3579,3566
21:16:18,3579,3566
21:16:19,3585,3573
21:16:20,3590,3573
21:16:21,3590,3573
21:16:22,3593,3579
21:16:23,3599,3587
21:16:24,3602,3587
21:16:25,3608,3593
21:16:27,3611,3593
21:16:28,3616,3600
21:16:29,3620,3607
21:16:30,3620,3607
21:16:31,3629,3613
21:16:32,3631,3613
21:16:33,3631,3613
21:16:34,3638,3621
21:16:35,3641,3629
21:16:36,3644,3629
21:16:37,3649,3633
21:16:38,3656,3642
21:16:39,3659,3642
21:16:40,3659,3642
21:16:41,3662,3649
21:16:42,3665,3649
21:16:43,3668,3649
21:16:44,3672,3658
21:16:46,3679,3658
21:16:47,3679,3658
21:16:48,3682,3664
21:16:49,3692,3674
21:16:50,3692,3674
21:16:51,3699,3683
21:16:52,3699,3683
21:16:53,3699,3683
21:16:54,3699,3683
21:16:55,3699,3683
21:16:56,3701,3683
21:16:57,3709,3693
21:16:58,3709,3693
21:16:59,3716,3707
21:17:00,3718,3707
21:17:01,3718,3707
21:17:02,3723,3712
21:17:03,3729,3717
21:17:04,3730,3717
21:17:05,3736,3721
21:17:06,3739,3721
21:17:08,3739,3721
21:17:09,3743,3730
21:17:10,3749,3737
21:17:11,3753,3737
21:17:12,3755,3737
21:17:13,3758,3745
21:17:14,3762,3745
21:17:15,3768,3750
21:17:16,3768,3750
21:17:17,3775,3758
21:17:18,3779,3766
21:17:19,3779,3766
21:17:20,3783,3771
21:17:21,3786,3771
21:17:22,3788,3780
21:17:23,3793,3780
21:17:25,3798,3785
21:17:26,3800,3785
21:17:27,3800,3785
21:17:28,3805,3789
21:17:29,3810,3797
21:17:30,3810,3797
21:17:31,3816,3804
21:17:32,3820,3804
21:17:33,3820,3804
21:17:34,3820,3804
21:17:35,3830,3818
21:17:36,3831,3818
21:17:37,3837,3824
21:17:38,3840,3824
21:17:39,3842,3824
21:17:40,3847,3832
21:17:41,3854,3840
21:17:42,3858,3847
21:17:44,3861,3847
21:17:45,3864,3854
21:17:46,3868,3860
21:17:47,3875,3864
21:17:48,3875,3864
21:17:49,3881,3870
21:17:50,3886,3870
21:17:51,3886,3870
21:17:52,3892,3876
21:17:53,3897,3883
21:17:54,3900,3883
21:17:55,3900,3883
21:17:56,3905,3890
21:17:57,3908,3890
21:17:58,3913,3897
21:18:00,3918,3897
21:18:01,3919,3897
21:18:02,3923,3904
21:18:03,3925,3904
21:18:04,3927,3915
21:18:05,3936,3922
21:18:06,3937,3922
21:18:07,3940,3922
21:18:08,3944,3927
21:18:09,3950,3937
21:18:10,3951,3937
21:18:11,3951,3937
21:18:12,3960,3946
21:18:13,3960,3946
21:18:14,3960,3946
21:18:15,3970,3951
21:18:16,3970,3951
21:18:17,3970,3951
21:18:18,3979,3959
21:18:19,3982,3959
21:18:20,3982,3959
21:18:22,3985,3967
21:18:23,3988,3974
21:18:24,3994,3985
21:18:25,3994,3985
21:18:26,4001,3989
21:18:27,4003,3989
21:18:28,4003,3989
21:18:29,4011,3996
21:18:30,4013,3996
21:18:31,4017,4003
21:18:32,4022,4003
21:18:33,4025,4013
21:18:34,4028,4013
21:18:35,4034,4019
21:18:36,4037,4019
21:18:37,4037,4019
21:18:38,4040,4025
21:18:39,4046,4033
21:18:40,4050,4033
21:18:42,4055,4041
21:18:43,4055,4041
21:18:44,4061,4048
21:18:45,4063,4048
21:18:46,4065,4055
21:18:47,4071,4059
21:18:48,4073,4059
21:18:49,4073,4059
21:18:50,4073,4059
21:18:51,4081,4065
21:18:52,4083,4065
21:18:53,4088,4073
21:18:54,4088,4073
21:18:55,4091,4073
21:18:56,4097,4081
21:18:57,4097,4081
21:18:58,4102,4087
21:18:59,4108,4095
21:19:00,4108,4095
21:19:01,4111,4100
21:19:03,4117,4109
21:19:04,4117,4109
21:19:05,4121,4113
21:19:06,4130,4117
21:19:07,4130,4117
21:19:08,4130,4117
21:19:09,4136,4123
21:19:10,4138,4123
21:19:11,4138,4123
21:19:12,4144,4131
21:19:13,4147,4131
21:19:14,4147,4131
21:19:15,4155,4138
21:19:16,4159,4143
21:19:17,4163,4150
21:19:18,4166,4150
21:19:19,4171,4150
21:19:20,4171,4150
21:19:21,4176,4159
21:19:22,4180,4165
21:19:23,4180,4165
21:19:25,4183,4165
21:19:26,4191,4174
21:19:27,4194,4181
21:19:28,4194,4181
21:19:29,4198,4181
21:19:30,4203,4188
21:19:31,4204,4188
21:19:32,4204,4188
21:19:33,4208,4195
21:19:34,4208,4195
21:19:35,4208,4195
21:19:36,4213,4195
21:19:37,4213,4195
21:19:38,4222,4204
21:19:39,4225,4210
21:19:40,4231,4218
21:19:41,4233,4218
21:19:43,4235,4218
21:19:44,4242,4224
21:19:45,4244,4224
21:19:46,4249,4233
21:19:47,4251,4233
21:19:48,4253,4240
21:19:49,4253,4240
21:19:50,4260,4240
21:19:51,4262,4246
21:19:52,4264,4246
21:19:53,4271,4254
21:19:54,4271,4254
21:19:55,4280,4269
21:19:56,4280,4269
21:19:57,4280,4269
21:19:58,4285,4273
21:19:59,4288,4273
21:20:00,4293,4273
21:20:01,4297,4281
21:20:02,4300,4281
21:20:04,4302,4287
21:20:05,4306,4287
21:20:06,4309,4287
21:20:07,4317,4299
21:20:08,4321,4303
21:20:09,4321,4303
21:20:10,4324,4303
21:20:11,4327,4313
21:20:12,4329,4313
21:20:13,4329,4313
21:20:14,4338,4322
21:20:15,4341,4328
21:20:16,4341,4328
21:20:17,4345,4335
21:20:18,4349,4335
21:20:19,4354,4341
21:20:21,4359,4341
21:20:22,4361,4341
21:20:23,4363,4347
21:20:24,4367,4347
21:20:25,4376,4356
21:20:26,4376,4356
21:20:27,4380,4365
21:20:28,4384,4365
21:20:29,4388,4371
21:20:30,4392,4371
21:20:31,4394,4371
21:20:32,4399,4380
21:20:33,4399,4380
21:20:34,4404,4390
21:20:35,4406,4390
21:20:36,4406,4390
21:20:37,4416,4397
21:20:38,4420,4403
21:20:39,4420,4403
21:20:41,4427,4411
21:20:42,4432,4421
21:20:43,4433,4421
21:20:44,4438,4421
21:20:45,4442,4426
21:20:46,4443,4426
21:20:47,4447,4426
21:20:48,4450,4434
21:20:49,4453,4442
21:20:50,4456,4442
21:20:51,4459,4442
21:20:52,4463,4451
21:20:53,4469,4451
21:20:54,4469,4451
21:20:55,4469,4451
21:20:56,4480,4465
21:20:57,4481,4465
21:20:58,4481,4465
21:20:59,4488,4472
21:21:01,4488,4472
21:21:02,4492,4472
21:21:03,4494,4472
21:21:04,4497,4481
21:21:05,4503,4490
21:21:06,4507,4497
21:21:07,4510,4497
21:21:08,4510,4497
21:21:09,4515,4504
21:21:10,4519,4504
21:21:11,4523,4510
21:21:12,4527,4510
21:21:13,4527,4510
21:21:14,4531,4517
21:21:16,4538,4525
21:21:17,4539,4525
21:21:18,4547,4531
21:21:19,4547,4531
21:21:20,4553,4539
21:21:21,4558,4539
21:21:22,4560,4539
21:21:23,4563,4545
21:21:24,4565,4545
21:21:25,4568,4545
21:21:26,4575,4555
21:21:27,4579,4563
21:21:28,4579,4563
21:21:29,4590,4573
21:21:30,4591,4573
21:21:31,4597,4579
21:21:32,4600,4588
21:21:33,4604,4588
21:21:35,4610,4594
21:21:36,4610,4594
21:21:37,4610,4594
21:21:38,4616,4601
21:21:39,4618,4601
21:21:40,4622,4608
21:21:41,4627,4614
21:21:42,4629,4614
21:21:43,4629,4614
21:21:44,4634,4621
21:21:45,4639,4621
21:21:46,4642,4629
21:21:47,4653,4629
21:21:48,4653,4629
21:21:49,4656,4636
21:21:50,4662,4644
21:21:51,4662,4644
21:21:52,4662,4644
21:21:53,4672,4656
21:21:54,4674,4656
21:21:56,4674,4656
21:21:57,4683,4663
21:21:58,4683,4663
21:21:59,4691,4669
21:22:00,4693,4679
21:22:01,4696,4679
21:22:02,4703,4688
21:22:03,4705,4688
21:22:04,4705,4688
21:22:05,4713,4694
21:22:06,4716,4701
21:22:07,4717,4701
21:22:08,4727,4708
21:22:09,4727,4708
21:22:10,4734,4717
21:22:11,4737,4717
21:22:12,4737,4717
21:22:13,4740,4727
21:22:14,4741,4727
21:22:15,4741,4727
21:22:17,4747,4727
21:22:18,4752,4733
21:22:20,4763,4733
21:22:21,4763,4740
21:22:22,4768,4751
21:22:23,4772,4758
21:22:24,4774,4758
21:22:25,4778,4758
21:22:26,4784,4766
21:22:27,4787,4766
21:22:28,4795,4772
21:22:29,4795,4783
21:22:30,4797,4783
21:22:31,4800,4783
21:22:32,4810,4797
21:22:33,4811,4797
21:22:34,4815,4805
21:22:35,4822,4805
21:22:37,4822,4805
21:22:38,4822,4805
21:22:39,4831,4811
21:22:40,4832,4811
21:22:41,4838,4817
21:22:42,4840,4817
21:22:43,4840,4817
21:22:44,4844,4825
21:22:45,4851,4834
21:22:46,4851,4834
21:22:47,4862,4843
21:22:48,4865,4848
21:22:49,4865,4848
21:22:50,4875,4857
21:22:51,4878,4857
21:22:52,4883,4867
21:22:53,4885,4867
21:22:55,4888,4876
21:22:56,4898,4882
21:22:57,4898,4882
21:22:58,4901,4890
21:22:59,4908,4896
21:23:00,4908,4896
21:23:01,4912,4901
21:23:02,4917,4901
21:23:03,4921,4909
21:23:04,4925,4909
21:23:05,4928,4914
21:23:06,4936,4914
21:23:07,4940,4921
21:23:08,4946,4929
21:23:09,4948,4939
21:23:10,4953,4944
21:23:11,4955,4944
21:23:12,4959,4944
21:23:14,4959,4944
21:23:15,4968,4955
21:23:16,4969,4955
21:23:17,4973,4962
21:23:18,4975,4962
21:23:19,4977,4962
21:23:20,4985,4970
21:23:21,4985,4970
21:23:22,4992,4975
21:23:23,4992,4975
21:23:24,4995,4983
21:23:25,5002,4989
21:23:26,5006,4995
21:23:27,5010,4995
21:23:28,5013,5002
21:23:29,5013,5002
21:23:30,5021,5002
21:23:32,5024,5008
21:23:33,5028,5008
21:23:34,5032,5014
21:23:35,5034,5014
21:23:36,5036,5025
21:23:37,5045,5025
21:23:38,5048,5032
21:23:39,5048,5032
21:23:40,5055,5038
21:23:41,5058,5038
21:23:42,5058,5038
21:23:43,5063,5048
21:23:44,5068,5054
21:23:45,5069,5054
21:23:46,5069,5054
21:23:47,5076,5061
21:23:48,5079,5061
21:23:49,5079,5061
21:23:50,5085,5069
21:23:52,5091,5076
21:23:53,5091,5076
21:23:54,5096,5084
21:23:55,5100,5084
21:23:56,5100,5084
21:23:57,5107,5090
21:23:58,5111,5095
21:23:59,5111,5095
21:24:00,5116,5103
21:24:01,5119,5103
21:24:02,5122,5103
21:24:03,5126,5112
21:24:04,5133,5112
21:24:05,5133,5112
21:24:06,5141,5118
21:24:07,5144,5128
21:24:08,5146,5128
21:24:09,5153,5136
21:24:10,5155,5136
21:24:11,5157,5145
21:24:12,5162,5152
21:24:14,5166,5152
21:24:15,5166,5152
21:24:16,5173,5157
21:24:17,5177,5157
21:24:18,5180,5164
21:24:19,5186,5172
21:24:20,5190,5172
21:24:21,5194,5182
21:24:22,5197,5182
21:24:23,5200,5182
21:24:24,5204,5188
21:24:25,5207,5188
21:24:26,5211,5188
21:24:27,5220,5196
21:24:28,5223,5206
21:24:29,5223,5206
21:24:30,5230,5217
21:24:32,5235,5224
21:24:33,5238,5224
21:24:35,5243,5224
21:24:36,5248,5229
21:24:37,5254,5229
21:24:38,5258,5237
21:24:39,5263,5246
21:24:40,5267,5258
21:24:41,5271,5258
21:24:42,5271,5258
21:24:43,5271,5258
21:24:44,5278,5265
21:24:45,5282,5265
21:24:46,5286,5269
21:24:47,5293,5269
21:24:49,5293,5269
21:24:50,5298,5277
21:24:51,5305,5277
21:24:52,5305,5277
21:24:53,5308,5288
21:24:54,5314,5300
21:24:55,5319,5300
21:24:56,5324,5308
21:24:57,5324,5308
21:24:58,5328,5308
21:24:59,5331,5315
21:25:00,5333,5315
21:25:01,5337,5325
21:25:02,5340,5325
21:25:03,5343,5325
21:25:04,5347,5332
21:25:05,5351,5339
21:25:06,5355,5339
21:25:07,5355,5339
21:25:09,5361,5346
21:25:10,5366,5352
21:25:11,5366,5352
21:25:12,5369,5352
21:25:13,5376,5361
21:25:14,5378,5361
21:25:15,5380,5367
21:25:16,5388,5374
21:25:17,5388,5374
21:25:18,5396,5380
21:25:19,5399,5380
21:25:20,5399,5380
21:25:21,5406,5388
21:25:22,5406,5388
21:25:23,5409,5396
21:25:24,5414,5396
21:25:25,5417,5403
21:25:26,5423,5409
21:25:28,5425,5409
21:25:29,5430,5417
21:25:30,5433,5417
21:25:31,5435,5417
21:25:32,5439,5425
21:25:33,5443,5425
21:25:34,5443,5425
21:25:35,5446,5432
21:25:36,5454,5441
21:25:37,5458,5441
21:25:38,5463,5441
21:25:39,5469,5447
21:25:40,5470,5447
21:25:41,5473,5454
21:25:42,5478,5467
21:25:43,5479,5467
21:25:44,5479,5467
21:25:45,5486,5473
21:25:46,5486,5473
21:25:47,5493,5479
21:25:49,5497,5479
21:25:50,5501,5486
21:25:51,5504,5494
21:25:52,5507,5494
21:25:53,5512,5500
21:25:54,5514,5500
21:25:55,5517,5505
21:25:56,5525,5510
21:25:57,5525,5510
21:25:58,5527,5510
21:25:59,5530,5517
21:26:00,5532,5517
21:26:01,5536,5525
21:26:02,5539,5525
21:26:03,5541,5531
21:26:04,5546,5531
21:26:05,5549,5531
21:26:07,5552,5538
21:26:08,5557,5538
21:26:10,5565,5542
21:26:11,5565,5542
21:26:12,5573,5553
21:26:13,5575,5561
21:26:14,5575,5561
21:26:15,5580,5570
21:26:16,5583,5570
21:26:17,5588,5576
21:26:18,5596,5576
21:26:19,5596,5576
21:26:20,5600,5582
21:26:21,5606,5590
21:26:22,5610,5590
21:26:23,5615,5599
21:26:24,5616,5599
21:26:25,5620,5607
21:26:27,5626,5607
21:26:28,5626,5607
21:26:29,5632,5616
21:26:30,5637,5616
21:26:31,5642,5622
21:26:32,5644,5622
21:26:33,5644,5622
21:26:34,5651,5634
21:26:35,5656,5642
21:26:36,5658,5642
21:26:37,5665,5646
21:26:38,5668,5654
21:26:39,5671,5654
21:26:40,5676,5664
21:26:41,5676,5664
21:26:43,5683,5669
21:26:44,5683,5669
21:26:45,5691,5676
21:26:46,5693,5676
21:26:47,5696,5683
21:26:48,5703,5690
21:26:49,5705,5690
21:26:50,5708,5690
21:26:51,5713,5697
21:26:52,5715,5697
21:26:53,5719,5705
21:26:54,5722,5705
21:26:55,5725,5713
21:26:56,5730,5713
21:26:57,5737,5713
21:26:58,5737,5717
21:27:00,5741,5726
21:27:01,5744,5726
21:27:02,5749,5738
21:27:03,5752,5738
21:27:04,5755,5738
21:27:05,5762,5743
21:27:06,5768,5751
21:27:07,5768,5751
21:27:08,5773,5760
21:27:09,5776,5760
21:27:10,5781,5766
21:27:11,5787,5774
21:27:12,5790,5774
21:27:13,5792,5783
21:27:14,5793,5783
21:27:15,5801,5789
21:27:16,5803,5789
21:27:17,5803,5789
21:27:18,5811,5793
21:27:20,5817,5801
21:27:21,5817,5801
21:27:22,5822,5807
21:27:23,5822,5807
21:27:24,5822,5807
21:27:25,5828,5814
21:27:26,5835,5814
21:27:27,5838,5821
21:27:28,5844,5821
21:27:29,5846,5821
21:27:30,5854,5821
21:27:31,5854,5827
21:27:32,5854,5827
21:27:33,5854,5827
21:27:34,5854,5827
21:27:35,5859,5838
21:27:36,5859,5838
21:27:37,5866,5850
21:27:38,5873,5859
21:27:39,5873,5859
21:27:41,5882,5859
21:27:42,5885,5859
21:27:43,5891,5863
21:27:44,5895,5863
21:27:45,5895,5874
21:27:46,5903,5889
21:27:47,5903,5889
21:27:48,5907,5894
21:27:49,5911,5894
21:27:50,5914,5894
21:27:51,5920,5903
21:27:52,5922,5903
21:27:53,5926,5909
21:27:54,5929,5909
21:27:55,5937,5921
21:27:56,5937,5921
21:27:57,5945,5926
21:27:59,5945,5926
21:28:00,5951,5934
21:28:01,5951,5934
21:28:02,5958,5941
21:28:03,5961,5941
21:28:04,5965,5949
21:28:05,5970,5949
21:28:06,5970,5949
21:28:07,5973,5957
21:28:08,5978,5957
21:28:09,5983,5967
21:28:10,5989,5973
21:28:11,5992,5973
21:28:12,5994,5985
21:28:13,5999,5985
21:28:14,6004,5991
21:28:15,6006,5991
21:28:16,6006,5991
21:28:17,6014,5995
21:28:18,6018,6003
21:28:20,6020,6003
21:28:21,6023,6011
21:28:22,6025,6011
21:28:23,6025,6011
21:28:24,6032,6019
21:28:25,6037,6024
21:28:26,6042,6030
21:28:27,6044,6030
21:28:28,6048,6030
21:28:29,6053,6038
21:28:30,6056,6038
21:28:31,6059,6038
21:28:32,6066,6055
21:28:33,6067,6055
21:28:34,6074,6062
21:28:35,6075,6062
21:28:36,6082,6066
21:28:37,6085,6066
21:28:38,6088,6066
21:28:39,6091,6081
21:28:40,6094,6081
21:28:41,6098,6088
21:28:43,6104,6088
21:28:44,6104,6088
21:28:45,6104,6088
21:28:46,6115,6100
21:28:47,6116,6100
21:28:48,6116,6100
21:28:49,6127,6107
21:28:50,6128,6107
21:28:51,6131,6116
21:28:52,6137,6122
21:28:53,6137,6122
21:28:54,6141,6122
21:28:55,6147,6131
21:28:56,6150,6131
21:28:57,6154,6138
21:28:58,6159,6138
21:28:59,6161,6138
21:29:00,6166,6148
21:29:01,6171,6155
21:29:02,6171,6155
21:29:04,6174,6163
21:29:05,6181,6163
21:29:06,6181,6163
21:29:07,6181,6163
21:29:08,6190,6172
21:29:09,6196,6176
21:29:10,6198,6176
21:29:11,6200,6184
21:29:12,6200,6184
21:29:13,6208,6194
21:29:14,6213,6201
21:29:15,6218,6201
21:29:16,6218,6201
21:29:17,6221,6207
21:29:18,6227,6207
21:29:19,6227,6207
21:29:20,6235,6215
21:29:21,6235,6215
21:29:22,6239,6222
21:29:23,6241,6222
21:29:24,6244,6231
21:29:26,6251,6238
21:29:27,6256,6238
21:29:28,6262,6244
21:29:29,6264,6244
21:29:30,6267,6252
21:29:31,6274,6261
21:29:32,6274,6261
21:29:33,6278,6266
21:29:34,6281,6266
21:29:35,6284,6266
21:29:36,6288,6274
21:29:37,6293,6274
21:29:38,6293,6274
21:29:39,6299,6280
21:29:40,6301,6280
21:29:41,6304,6290
21:29:42,6307,6298
21:29:43,6307,6298
21:29:44,6315,6298
21:29:45,6315,6298
21:29:46,6323,6305
21:29:48,6328,6309
21:29:49,6328,6309
21:29:50,6333,6318
21:29:51,6335,6318
21:29:52,6335,6318
21:29:53,6341,6327
21:29:54,6344,6333
21:29:55,6347,6333
21:29:56,6347,6333
21:29:57,6356,6338
21:29:58,6361,6345
21:29:59,6367,6352
21:30:00,6370,6360
21:30:01,6370,6360
21:30:02,6376,6365
21:30:03,6376,6365
21:30:04,6384,6371
21:30:05,6386,6371
21:30:06,6393,6375
21:30:07,6393,6375
21:30:09,6401,6386
21:30:10,6404,6393
21:30:11,6404,6393
21:30:12,6410,6400
21:30:13,6410,6400
21:30:14,6410,6400
21:30:15,6410,6400
21:30:16,6412,6400
21:30:17,6421,6404
21:30:18,6421,6404
21:30:19,6426,6409
21:30:20,6432,6409
21:30:21,6432,6409
21:30:22,6432,6409
21:30:23,6442,6428
21:30:24,6443,6428
21:30:25,6450,6435
21:30:26,6454,6435
21:30:27,6459,6443
21:30:29,6465,6449
21:30:30,6465,6449
21:30:31,6469,6457
21:30:32,6474,6466
21:30:33,6475,6466
21:30:34,6480,6471
21:30:35,6480,6471
21:30:36,6485,6471
21:30:37,6491,6475
21:30:38,6495,6482
21:30:39,6495,6482
21:30:40,6497,6482
21:30:41,6503,6488
21:30:42,6507,6496
21:30:43,6508,6496
21:30:44,6513,6502
21:30:45,6518,6502
21:30:46,6518,6502
21:30:47,6525,6508
21:30:48,6527,6515
21:30:49,6533,6515
21:30:51,6535,6515
21:30:52,6538,6522
21:30:53,6541,6528
21:30:54,6544,6528
21:30:55,6544,6528
21:30:56,6549,6539
21:30:57,6551,6539
21:30:58,6551,6539
21:30:59,6559,6543
21:31:00,6562,6548
21:31:01,6564,6548
21:31:02,6567,6548
21:31:03,6569,6555
21:31:04,6573,6555
21:31:05,6578,6563
21:31:06,6580,6563
21:31:07,6584,6570
21:31:08,6592,6577
21:31:09,6592,6577
21:31:10,6598,6577
21:31:11,6601,6586
21:31:13,6601,6586
21:31:14,6609,6593
21:31:15,6611,6593
21:31:16,6613,6593
21:31:17,6618,6602
21:31:18,6623,6602
21:31:19,6625,6608
21:31:20,6626,6608
21:31:21,6632,6608
21:31:22,6634,6617
21:31:23,6639,6626
21:31:24,6639,6626
21:31:25,6644,6626
21:31:26,6646,6634
21:31:27,6654,6641
21:31:28,6654,6641
21:31:29,6659,6641
21:31:30,6663,6647
21:31:31,6667,6647
21:31:33,6672,6655
21:31:34,6672,6655
21:31:35,6677,6664
21:31:36,6682,6664
21:31:37,6682,6664
21:31:38,6682,6664
21:31:39,6692,6679
21:31:40,6693,6679
21:31:41,6693,6679
21:31:42,6702,6686
21:31:43,6705,6686
21:31:44,6705,6693
21:31:45,6714,6700
21:31:46,6715,6700
21:31:47,6720,6707
21:31:48,6726,6707
21:31:49,6726,6707
21:31:50,6734,6715
21:31:51,6736,6722
21:31:52,6736,6722
21:31:54,6746,6730
21:31:55,6749,6737
21:31:56,6756,6737
21:31:57,6758,6743
21:31:58,6758,6743
21:31:59,6763,6751
21:32:00,6768,6751
21:32:01,6771,6759
21:32:02,6778,6765
21:32:03,6781,6765
21:32:04,6786,6773
21:32:05,6789,6773
21:32:06,6792,6779
21:32:07,6797,6784
21:32:08,6801,6793
21:32:09,6804,6793
21:32:10,6808,6797
21:32:11,6808,6797
21:32:13,6811,6797
21:32:14,6815,6803
21:32:15,6817,6803
21:32:16,6824,6809
21:32:17,6827,6809
21:32:18,6834,6823
21:32:19,6834,6823
21:32:20,6836,6823
21:32:21,6840,6830
21:32:22,6843,6830
21:32:23,6847,6835
21:32:24,6849,6835
21:32:25,6849,6835
21:32:26,6857,6842
21:32:27,6860,6847
21:32:28,6860,6847
21:32:29,6868,6852
21:32:30,6870,6852
21:32:31,6870,6852
21:32:33,6875,6861
21:32:34,6879,6868
21:32:35,6885,6875
21:32:36,6886,6875
21:32:37,6889,6875
21:32:38,6889,6875
21:32:39,6898,6879
21:32:40,6900,6879
21:32:41,6904,6887
21:32:42,6907,6887
21:32:43,6911,6900
21:32:44,6914,6900
21:32:45,6918,6906
21:32:46,6920,6906
21:32:47,6927,6911
21:32:48,6931,6920
21:32:49,6935,6920
21:32:50,6938,6927
21:32:51,6938,6927
21:32:52,6940,6927
21:32:54,6940,6927
21:32:55,6940,6927
21:32:56,6940,6927
21:32:57,6947,6933
21:32:58,6952,6939
21:32:59,6955,6939
21:33:00,6960,6946
21:33:01,6963,6946
21:33:02,6965,6951
21:33:03,6965,6951
21:33:04,6965,6951
21:33:05,6973,6962
21:33:06,6973,6962
21:33:07,6980,6966
21:33:08,6980,6966
21:33:09,6987,6966
21:33:10,6989,6973
21:33:11,6991,6973
21:33:12,6996,6980
21:33:13,6996,6980
21:33:14,6999,6980
21:33:16,7001,6989
21:33:17,7006,6989
21:33:18,7009,6997
21:33:19,7013,6997
21:33:20,7014,6997
21:33:21,7016,7002
21:33:22,7022,7002
21:33:23,7026,7010
21:33:24,7032,7010
21:33:25,7032,7017
21:33:26,7037,7025
21:33:27,7037,7025
21:33:28,7044,7031
21:33:29,7048,7031
21:33:30,7048,7031
21:33:31,7055,7036
21:33:32,7058,7043
21:33:33,7058,7043
21:33:34,7062,7051
21:33:35,7071,7059
21:33:37,7075,7059
21:33:38,7075,7059
21:33:39,7081,7064
21:33:40,7083,7064
21:33:41,7091,7072
21:33:42,7091,7072
21:33:43,7098,7082
21:33:44,7101,7082
21:33:45,7105,7090
21:33:46,7108,7094
21:33:47,7110,7094
21:33:48,7114,7104
21:33:49,7117,7104
21:33:50,7120,7109
21:33:51,7127,7116
21:33:53,7129,7116
21:33:54,7129,7116
21:33:55,7135,7121
21:33:56,7138,7128
21:33:57,7140,7128
21:33:58,7147,7132
21:33:59,7149,7132
21:34:00,7153,7138
21:34:01,7157,7138
21:34:02,7163,7147
21:34:03,7163,7147
21:34:04,7163,7147
21:34:05,7170,7155
21:34:06,7172,7155
21:34:07,7179,7166
21:34:08,7181,7166
21:34:09,7181,7166
21:34:10,7187,7174
21:34:11,7190,7174
21:34:12,7192,7181
21:34:13,7192,7181
21:34:15,7195,7189
21:34:16,7202,7189
21:34:17,7206,7193
21:34:18,7209,7193
21:34:19,7211,7193
21:34:20,7216,7197
21:34:21,7220,7197
21:34:22,7220,7197
21:34:23,7226,7205
21:34:24,7228,7205
21:34:25,7231,7214
21:34:26,7240,7214
21:34:27,7241,7224
21:34:28,7246,7224
21:34:29,7248,7232
21:34:30,7253,7232
21:34:31,7253,7232
21:34:32,7258,7240
21:34:34,7262,7249
21:34:35,7267,7249
21:34:36,7271,7257
21:34:37,7274,7257
21:34:38,7274,7257
21:34:39,7278,7264
21:34:40,7285,7264
21:34:41,7285,7264
21:34:42,7292,7271
21:34:43,7295,7271
21:34:44,7299,7280
21:34:45,7302,7280
21:34:46,7306,7280
21:34:47,7311,7291
21:34:48,7315,7291
21:34:49,7319,7301
21:34:50,7323,7309
21:34:51,7326,7309
21:34:52,7328,7320
21:34:53,7333,7320
21:34:55,7333,7320
21:34:56,7339,7325
21:34:57,7339,7325
21:34:58,7344,7325
21:34:59,7352,7329
21:35:00,7356,7340
21:35:01,7361,7353
21:35:02,7362,7353
21:35:03,7366,7358
21:35:04,7372,7358
21:35:05,7372,7358
21:35:06,7372,7358
21:35:07,7380,7362
21:35:08,7380,7362
21:35:09,7382,7362
21:35:10,7389,7368
21:35:11,7389,7368
21:35:12,7394,7376
21:35:13,7396,7376
21:35:14,7396,7376
21:35:15,7404,7387
21:35:17,7406,7387
21:35:18,7413,7393
21:35:19,7420,7401
21:35:20,7420,7401
21:35:21,7424,7411
21:35:22,7429,7411
21:35:23,7429,7411
21:35:24,7439,7421
21:35:25,7440,7426
21:35:26,7440,7426
21:35:27,7445,7433
21:35:28,7448,7433
21:35:29,7453,7440
21:35:30,7461,7447
21:35:31,7461,7447
21:35:32,7464,7447
21:35:33,7466,7447
21:35:34,7466,7447
21:35:35,7466,7447
21:35:37,7471,7455
21:35:38,7478,7462
21:35:39,7479,7462
21:35:40,7487,7469
21:35:41,7490,7469
21:35:42,7490,7469
21:35:43,7496,7479
21:35:44,7496,7479
21:35:45,7502,7486
21:35:46,7507,7486
21:35:47,7511,7493
21:35:48,7513,7493
21:35:49,7519,7499
21:35:50,7523,7512
21:35:51,7523,7512
21:35:52,7525,7512
21:35:53,7536,7524
21:35:54,7537,7524
21:35:55,7537,7524
21:35:57,7542,7530
21:35:58,7544,7530
21:35:59,7544,7530
21:36:00,7555,7537
21:36:01,7557,7544
21:36:02,7562,7551
21:36:03,7566,7551
21:36:04,7566,7551
21:36:05,7572,7559
21:36:06,7575,7559
21:36:07,7577,7559
21:36:08,7585,7564
21:36:09,7588,7573
21:36:10,7588,7573
21:36:11,7595,7582
21:36:12,7598,7582
21:36:13,7598,7582
21:36:14,7602,7589
21:36:15,7605,7589
21:36:16,7605,7589
21:36:17,7605,7589
21:36:18,7605,7589
21:36:19,7605,7589
21:36:21,7606,7589
21:36:22,7606,7589
21:36:23,7606,7589
21:36:24,7606,7589
