时间,CPU负载,内存使用量(KB),内存使用率(%)
16:35:21,1.62,954080,24
16:35:22,1.62,954584,24
16:35:23,1.62,955340,24
16:35:24,1.63,954940,24
16:35:25,1.63,955192,24
16:35:26,1.63,956200,25
16:35:27,1.63,955592,24
16:35:28,1.63,955844,24
16:35:29,1.63,956600,25
16:35:30,1.63,956600,25
16:35:31,1.63,956452,25
16:35:32,1.63,956616,25
16:35:33,1.64,956600,25
16:35:35,1.64,956704,25
16:35:36,1.64,956852,25
16:35:37,1.64,956852,25
16:35:38,1.64,956096,25
16:35:39,1.64,956348,25
16:35:40,1.64,956600,25
16:35:41,1.64,956852,25
16:35:42,1.64,956348,25
16:35:43,1.64,957060,25
16:35:44,1.65,957208,25
16:35:45,1.65,956852,25
16:35:46,1.65,957608,25
16:35:47,1.65,957356,25
16:35:49,1.64,957104,25
16:35:50,1.64,956956,25
16:35:51,1.64,956852,25
16:35:52,1.64,957104,25
16:35:53,1.64,957356,25
16:35:54,1.63,957356,25
16:35:55,1.63,957608,25
16:35:56,1.63,957608,25
16:35:57,1.63,957460,25
16:35:58,1.63,957208,25
16:35:59,1.62,957816,25
16:36:00,1.62,957208,25
16:36:01,1.62,957208,25
16:36:03,1.62,957356,25
16:36:04,1.61,957356,25
16:36:05,1.61,957964,25
16:36:06,1.61,957608,25
16:36:07,1.61,957964,25
16:36:08,1.61,958216,25
16:36:09,1.60,958320,25
16:36:10,1.60,958468,25
16:36:11,1.60,958112,25
16:36:12,1.60,958172,25
16:36:13,1.60,958364,25
16:36:14,1.59,958468,25
16:36:15,1.59,958616,25
16:36:16,1.59,958468,25
16:36:18,1.59,959224,25
16:36:19,1.58,959476,25
16:36:20,1.58,959876,25
16:36:21,1.58,959980,25
16:36:22,1.58,959624,25
16:36:23,1.58,959372,25
16:36:24,1.58,959120,25
16:36:25,1.58,958720,25
16:36:26,1.58,958868,25
16:36:27,1.58,959120,25
16:36:28,1.58,958972,25
16:36:29,1.59,959876,25
16:36:30,1.59,959980,25
16:36:32,1.59,960484,25
16:36:33,1.59,960484,25
16:36:34,1.60,960128,25
16:36:35,1.60,960380,25
16:36:36,1.60,960884,25
16:36:37,1.60,960988,25
16:36:38,1.60,960736,25
16:36:39,1.61,961240,25
16:36:40,1.61,961492,25
16:36:41,1.61,961640,25
16:36:42,1.61,961848,25
16:36:43,1.61,961952,25
16:36:44,1.63,961744,25
16:36:46,1.63,962396,25
16:36:47,1.63,962396,25
16:36:48,1.63,962396,25
16:36:49,1.64,961892,25
16:36:50,1.64,961492,25
16:36:51,1.64,962204,25
16:36:52,1.64,961388,25
16:36:53,1.64,962100,25
16:36:54,1.64,961640,25
16:36:55,1.64,962248,25
16:36:56,1.64,961744,25
16:36:57,1.64,961388,25
16:36:58,1.64,961640,25
16:36:59,1.66,961892,25
16:37:01,1.66,961996,25
16:37:02,1.66,961744,25
16:37:03,1.66,961640,25
16:37:04,1.65,961892,25
16:37:05,1.65,962500,25
16:37:06,1.65,962500,25
16:37:07,1.65,962248,25
16:37:08,1.65,962500,25
16:37:09,1.64,962396,25
16:37:10,1.64,962144,25
16:37:11,1.64,962144,25
16:37:12,1.64,962144,25
16:37:13,1.67,962396,25
16:37:15,1.67,962648,25
16:37:16,1.67,962396,25
16:37:17,1.67,962648,25
16:37:18,1.67,962144,25
16:37:19,1.67,962396,25
16:37:20,1.67,963404,25
16:37:21,1.67,962752,25
16:37:22,1.67,962396,25
16:37:23,1.67,962248,25
16:37:24,1.66,962144,25
16:37:25,1.66,962144,25
16:37:26,1.66,962648,25
16:37:27,1.66,962900,25
16:37:28,1.65,963404,25
16:37:30,1.65,963404,25
16:37:31,1.65,963656,25
16:37:32,1.65,963256,25
16:37:33,1.65,963508,25
16:37:34,1.64,963464,25
16:37:35,1.64,964264,25
16:37:36,1.64,964160,25
16:37:37,1.64,964264,25
16:37:38,1.64,964264,25
16:37:39,1.64,963656,25
16:37:40,1.64,964116,25
16:37:41,1.64,964160,25
16:37:42,1.64,963656,25
16:37:44,1.67,964664,25
16:37:45,1.67,964160,25
16:37:46,1.67,963656,25
16:37:47,1.67,964516,25
16:37:48,1.67,964516,25
16:37:49,1.67,964916,25
16:37:50,1.67,964664,25
16:37:51,1.67,964516,25
16:37:52,1.67,964412,25
16:37:53,1.67,964160,25
16:37:54,1.68,963908,25
16:37:55,1.68,964444,25
16:37:56,1.68,965452,25
16:37:58,1.68,965808,25
16:37:59,1.68,965452,25
16:38:00,1.68,965452,25
16:38:01,1.68,965200,25
16:38:02,1.68,965304,25
16:38:03,1.68,965660,25
16:38:04,1.69,965452,25
16:38:05,1.69,965556,25
16:38:06,1.69,965956,25
16:38:07,1.69,965660,25
16:38:08,1.69,965808,25
16:38:09,1.71,966312,25
16:38:10,1.71,965704,25
16:38:11,1.71,966208,25
16:38:13,1.71,966712,25
16:38:14,1.72,966416,25
16:38:15,1.72,966460,25
16:38:16,1.72,966460,25
16:38:17,1.72,966208,25
16:38:18,1.72,965704,25
16:38:19,1.72,965704,25
16:38:20,1.72,965704,25
16:38:21,1.72,965452,25
16:38:22,1.72,965956,25
16:38:23,1.72,965452,25
16:38:24,1.71,965704,25
16:38:25,1.71,965956,25
16:38:27,1.71,965704,25
16:38:28,1.71,966312,25
16:38:29,1.70,966460,25
16:38:30,1.70,966964,25
16:38:31,1.70,966208,25
16:38:32,1.70,966564,25
16:38:33,1.70,966964,25
16:38:34,1.68,966624,25
16:38:35,1.68,966712,25
16:38:36,1.68,966964,25
16:38:37,1.68,966728,25
16:38:38,1.68,967084,25
16:38:39,1.67,966848,25
16:38:41,1.67,966492,25
16:38:42,1.67,967100,25
16:38:43,1.67,966804,25
16:38:44,1.66,966848,25
16:38:45,1.66,967248,25
16:38:46,1.66,967204,25
16:38:47,1.66,966848,25
16:38:48,1.66,967248,25
16:38:49,1.65,966996,25
16:38:50,1.65,967100,25
16:38:51,1.65,967604,25
16:38:52,1.65,967352,25
16:38:53,1.65,968508,25
16:38:54,1.66,968464,25
16:38:56,1.66,968864,25
16:38:57,1.66,967856,25
16:38:58,1.66,968256,25
16:38:59,1.66,967960,25
16:39:00,1.66,967752,25
16:39:01,1.66,967500,25
16:39:02,1.66,967768,25
16:39:03,1.66,967500,25
16:39:04,1.67,968004,25
16:39:05,1.67,968256,25
16:39:06,1.67,968256,25
16:39:07,1.67,968760,25
16:39:08,1.67,968760,25
16:39:10,1.69,968612,25
16:39:11,1.69,969516,25
16:39:12,1.69,969012,25
16:39:13,1.69,968968,25
16:39:14,1.70,969012,25
16:39:15,1.70,969724,25
16:39:16,1.70,969012,25
16:39:17,1.70,969116,25
16:39:18,1.70,969220,25
16:39:19,1.70,969264,25
16:39:20,1.70,969264,25
16:39:21,1.70,969264,25
16:39:22,1.70,969768,25
16:39:24,1.71,969768,25
16:39:25,1.71,969264,25
16:39:26,1.71,969264,25
16:39:27,1.71,969768,25
16:39:28,1.71,969872,25
16:39:29,1.71,969620,25
16:39:30,1.71,969516,25
16:39:31,1.71,969768,25
16:39:32,1.71,969872,25
16:39:33,1.71,970124,25
16:39:34,1.72,970228,25
16:39:35,1.72,970880,25
16:39:36,1.72,970628,25
16:39:38,1.72,971132,25
16:39:39,1.72,971280,25
16:39:40,1.72,971488,25
16:39:41,1.72,971488,25
16:39:42,1.72,971280,25
16:39:43,1.72,971488,25
16:39:44,1.71,971888,25
16:39:45,1.71,971784,25
16:39:46,1.71,971280,25
16:39:47,1.71,971280,25
16:39:48,1.71,971636,25
16:39:49,1.70,971784,25
16:39:50,1.70,971532,25
16:39:51,1.70,971280,25
16:39:53,1.70,972036,25
16:39:54,1.69,972036,25
16:39:55,1.69,971636,25
16:39:56,1.69,972036,25
16:39:57,1.69,972200,25
16:39:58,1.69,972140,25
16:39:59,1.67,971740,25
16:40:00,1.67,972288,25
16:40:01,1.67,972140,25
16:40:02,1.67,971992,25
16:40:03,1.67,972288,25
16:40:04,1.66,972036,25
16:40:05,1.66,973000,25
16:40:07,1.66,972392,25
16:40:08,1.66,972288,25
16:40:09,1.65,972748,25
16:40:10,1.65,973044,25
16:40:11,1.65,972792,25
16:40:12,1.65,972540,25
16:40:13,1.65,972036,25
16:40:14,1.66,972792,25
16:40:15,1.66,972792,25
16:40:16,1.66,972468,25
16:40:17,1.66,972792,25
16:40:18,1.66,972140,25
16:40:19,1.65,973400,25
16:40:21,1.65,972644,25
16:40:22,1.65,973296,25
16:40:23,1.65,972896,25
16:40:24,1.65,973296,25
16:40:25,1.65,973044,25
16:40:26,1.65,973296,25
16:40:27,1.65,973548,25
16:40:28,1.65,974304,25
16:40:29,1.66,974156,25
16:40:30,1.66,974408,25
16:40:31,1.66,974304,25
16:40:32,1.66,974052,25
16:40:33,1.66,973904,25
16:40:35,1.66,973800,25
16:40:36,1.66,973800,25
16:40:37,1.66,974052,25
16:40:38,1.66,974304,25
16:40:39,1.67,973800,25
16:40:40,1.67,974304,25
16:40:41,1.67,974304,25
16:40:42,1.67,974156,25
16:40:43,1.67,973800,25
16:40:44,1.68,973800,25
16:40:45,1.68,974052,25
16:40:46,1.68,974408,25
16:40:47,1.68,973904,25
16:40:49,1.68,973800,25
16:40:50,1.75,974556,25
16:40:51,1.75,974304,25
16:40:52,1.75,974912,25
16:40:53,1.75,975312,25
16:40:54,1.75,975920,25
16:40:55,1.75,975416,25
16:40:56,1.75,976068,25
16:40:57,1.75,976172,25
16:40:58,1.75,976172,25
16:40:59,1.77,976424,25
16:41:00,1.77,976676,25
16:41:01,1.77,976068,25
16:41:02,1.77,976276,25
16:41:04,1.77,975416,25
16:41:05,1.78,976068,25
16:41:06,1.78,975920,25
16:41:07,1.78,976276,25
16:41:08,1.78,976068,25
16:41:09,1.76,975816,25
16:41:10,1.76,975564,25
16:41:11,1.76,975164,25
16:41:12,1.76,975564,25
16:41:13,1.76,975564,25
16:41:14,1.77,975668,25
16:41:15,1.77,975816,25
16:41:16,1.77,975816,25
16:41:18,1.77,975816,25
16:41:19,1.76,975416,25
16:41:20,1.76,974660,25
16:41:21,1.76,975312,25
16:41:22,1.76,975164,25
16:41:23,1.76,975816,25
16:41:24,1.74,975920,25
16:41:25,1.74,976172,25
16:41:26,1.74,976188,25
16:41:27,1.74,976424,25
16:41:28,1.74,976068,25
16:41:29,1.73,976320,25
16:41:30,1.73,976068,25
16:41:32,1.73,976172,25
16:41:33,1.73,976320,25
16:41:34,1.72,976572,25
16:41:35,1.72,976528,25
16:41:36,1.72,976320,25
16:41:37,1.72,976572,25
16:41:38,1.72,976824,25
16:41:39,1.71,976824,25
16:41:40,1.71,977180,25
16:41:41,1.71,976988,25
16:41:42,1.71,977076,25
16:41:43,1.71,977032,25
16:41:44,1.71,976928,25
16:41:46,1.71,976928,25
16:41:47,1.71,977328,25
16:41:48,1.71,976824,25
16:41:49,1.72,977284,25
16:41:50,1.72,976824,25
16:41:51,1.72,976676,25
16:41:52,1.72,976320,25
16:41:53,1.72,976780,25
16:41:54,1.72,977328,25
16:41:55,1.72,976824,25
16:41:56,1.72,977076,25
16:41:57,1.72,977076,25
16:41:58,1.72,977328,25
16:42:00,1.73,977076,25
16:42:01,1.73,976928,25
16:42:02,1.73,977832,25
16:42:03,1.73,977832,25
16:42:04,1.73,977684,25
16:42:05,1.73,977640,25
16:42:06,1.73,977832,25
16:42:07,1.73,977832,25
16:42:08,1.73,977832,25
16:42:09,1.74,978588,25
16:42:10,1.74,977936,25
16:42:11,1.74,978692,25
16:42:12,1.74,978336,25
16:42:13,1.74,977832,25
16:42:15,1.76,978084,25
16:42:16,1.76,978840,25
16:42:17,1.76,978692,25
16:42:18,1.76,979092,25
16:42:19,1.76,979344,25
16:42:20,1.76,979596,25
16:42:21,1.76,979552,25
16:42:22,1.76,978692,25
16:42:23,1.76,979344,25
16:42:24,1.75,979196,25
16:42:25,1.75,979004,25
16:42:26,1.75,978944,25
16:42:27,1.75,979344,25
16:42:29,1.75,979596,25
16:42:30,1.75,979596,25
16:42:31,1.75,979952,25
16:42:32,1.75,979952,25
16:42:33,1.75,979952,25
16:42:34,1.74,979804,25
16:42:35,1.74,979700,25
16:42:36,1.74,980116,25
16:42:37,1.74,979700,25
16:42:38,1.74,980100,25
16:42:39,1.73,980100,25
16:42:40,1.73,979848,25
16:42:41,1.73,980100,25
16:42:43,1.73,980204,25
16:42:44,1.73,980604,25
16:42:45,1.78,980100,25
16:42:46,1.78,980604,25
16:42:47,1.78,979952,25
16:42:48,1.78,979804,25
16:42:49,1.77,980456,25
16:42:50,1.77,979952,25
16:42:51,1.77,980308,25
16:42:52,1.77,980100,25
16:42:53,1.77,979908,25
16:42:54,1.76,979596,25
16:42:55,1.76,979848,25
16:42:56,1.76,980204,25
16:42:58,1.76,979596,25
16:42:59,1.76,980560,25
16:43:00,1.76,980100,25
16:43:01,1.76,980604,25
16:43:02,1.76,979848,25
16:43:03,1.76,980012,25
16:43:04,1.76,979596,25
16:43:05,1.76,979596,25
16:43:06,1.76,979968,25
16:43:07,1.76,980100,25
16:43:08,1.76,980456,25
16:43:09,1.77,980352,25
16:43:10,1.77,980352,25
16:43:12,1.77,979596,25
16:43:13,1.77,980100,25
16:43:14,1.77,980116,25
16:43:15,1.79,980308,25
16:43:16,1.79,980352,25
16:43:17,1.79,980604,25
16:43:18,1.79,980456,25
16:43:19,1.79,980204,25
16:43:20,1.79,980204,25
16:43:21,1.79,980456,25
16:43:22,1.79,980604,25
16:43:23,1.79,980516,25
16:43:24,1.80,980308,25
16:43:25,1.80,980604,25
16:43:27,1.80,980604,25
16:43:28,1.80,980456,25
16:43:29,1.82,980604,25
16:43:30,1.82,980352,25
16:43:31,1.82,980708,25
16:43:32,1.82,980100,25
16:43:33,1.82,980056,25
16:43:34,1.82,980204,25
16:43:35,1.82,980664,25
16:43:36,1.82,980100,25
16:43:37,1.82,980012,25
16:43:38,1.82,979952,25
16:43:39,1.82,980204,25
16:43:40,1.82,979404,25
16:43:42,1.82,980204,25
16:43:43,1.82,980352,25
16:43:44,1.81,980100,25
16:43:45,1.81,979612,25
16:43:46,1.81,979848,25
16:43:47,1.81,979804,25
16:43:48,1.81,979952,25
16:43:49,1.80,980456,25
16:43:50,1.80,980352,25
16:43:51,1.80,979804,25
16:43:52,1.80,979700,25
16:43:53,1.80,979952,25
16:43:54,1.78,980100,25
16:43:56,1.78,980604,25
16:43:57,1.78,981064,25
16:43:58,1.78,980352,25
16:43:59,1.77,980456,25
16:44:00,1.77,980100,25
16:44:01,1.77,980708,25
16:44:02,1.77,980960,25
16:44:03,1.77,980812,25
16:44:04,1.76,980352,25
16:44:05,1.76,980856,25
16:44:06,1.76,980812,25
16:44:07,1.76,980204,25
16:44:08,1.76,979848,25
16:44:09,1.74,979908,25
16:44:11,1.74,979092,25
16:44:12,1.74,979344,25
16:44:13,1.74,980100,25
16:44:14,1.73,980100,25
16:44:15,1.73,980352,25
16:44:16,1.73,980204,25
16:44:17,1.73,979848,25
16:44:18,1.73,980352,25
16:44:19,1.72,980352,25
16:44:20,1.72,980516,25
16:44:21,1.72,980352,25
16:44:22,1.72,980100,25
16:44:23,1.72,980708,25
16:44:25,1.74,980352,25
16:44:26,1.74,979848,25
16:44:27,1.74,980604,25
16:44:28,1.74,980856,25
16:44:29,1.74,981108,25
16:44:30,1.74,981360,25
16:44:31,1.74,980604,25
16:44:32,1.74,980352,25
16:44:33,1.74,980456,25
16:44:34,1.75,980604,25
16:44:35,1.75,981108,25
16:44:36,1.75,980960,25
16:44:37,1.75,980856,25
16:44:38,1.75,980352,25
16:44:40,1.77,980560,25
16:44:41,1.77,980604,25
16:44:42,1.77,981212,25
16:44:43,1.77,980604,25
16:44:44,1.79,980100,25
16:44:45,1.79,980856,25
16:44:46,1.79,981360,25
16:44:47,1.79,981108,25
16:44:48,1.79,980604,25
16:44:49,1.79,981212,25
16:44:50,1.79,980856,25
16:44:51,1.79,981212,25
16:44:52,1.79,981108,25
16:44:54,1.79,981360,25
16:44:55,1.80,981968,25
16:44:56,1.80,982620,25
16:44:57,1.80,982872,25
16:44:58,1.80,982472,25
16:44:59,1.80,982724,25
16:45:00,1.80,981968,25
16:45:01,1.80,982116,25
16:45:02,1.80,982116,25
16:45:03,1.80,982220,25
16:45:04,1.80,982872,25
16:45:05,1.80,982872,25
16:45:06,1.80,983124,25
16:45:08,1.80,982872,25
16:45:09,1.80,982872,25
16:45:10,1.79,982872,25
16:45:11,1.79,982872,25
16:45:12,1.79,983376,25
16:45:13,1.79,983228,25
16:45:14,1.78,983628,25
16:45:15,1.78,982976,25
16:45:16,1.78,982872,25
16:45:17,1.78,982976,25
16:45:18,1.78,983124,25
16:45:19,1.76,983880,25
16:45:20,1.76,983480,25
16:45:22,1.76,982976,25
16:45:23,1.76,982976,25
16:45:24,1.76,983228,25
16:45:25,1.75,983628,25
16:45:26,1.75,983628,25
16:45:27,1.75,983376,25
16:45:28,1.75,983984,25
16:45:29,1.74,983880,25
16:45:30,1.74,983732,25
16:45:31,1.74,983228,25
16:45:32,1.74,982872,25
16:45:33,1.74,982872,25
16:45:34,1.74,982620,25
16:45:35,1.74,982932,25
16:45:37,1.74,983124,25
16:45:38,1.74,983376,25
16:45:39,1.74,982992,25
16:45:40,1.75,983228,25
16:45:41,1.75,983376,25
16:45:42,1.75,983376,25
16:45:43,1.75,983880,25
16:45:44,1.77,984132,25
16:45:45,1.77,983940,25
16:45:46,1.77,983628,25
16:45:47,1.77,983984,25
16:45:48,1.77,983880,25
16:45:49,1.77,984384,25
16:45:51,1.77,984132,25
16:45:52,1.77,983732,25
16:45:53,1.77,984384,25
16:45:54,1.78,984384,25
16:45:55,1.78,984132,25
16:45:56,1.78,984488,25
16:45:57,1.78,984384,25
16:45:58,1.78,984488,25
16:45:59,1.78,984488,25
16:46:00,1.78,984488,25
16:46:01,1.78,984636,25
16:46:02,1.78,985140,25
16:46:03,1.78,984636,25
16:46:05,1.78,985392,25
16:46:06,1.78,985392,25
16:46:07,1.78,986148,25
16:46:08,1.78,985140,25
16:46:09,1.79,985644,25
16:46:10,1.79,985896,25
16:46:11,1.79,985748,25
16:46:12,1.79,985896,25
16:46:13,1.79,986148,25
16:46:14,1.79,986252,25
16:46:15,1.79,985896,25
16:46:16,1.79,985704,25
16:46:17,1.79,985644,25
16:46:19,1.79,985896,25
16:46:20,1.80,985896,25
16:46:21,1.80,986400,25
16:46:22,1.80,986252,25
16:46:23,1.80,986148,25
16:46:24,1.78,986652,25
16:46:25,1.78,986104,25
16:46:26,1.78,986148,25
16:46:27,1.78,986104,25
16:46:28,1.78,986148,25
16:46:29,1.79,986400,25
16:46:30,1.79,986252,25
16:46:31,1.79,986148,25
16:46:33,1.79,986148,25
16:46:34,1.79,986000,25
16:46:35,1.79,985896,25
16:46:36,1.79,986148,25
16:46:37,1.79,986504,25
16:46:38,1.79,986400,25
16:46:39,1.78,986608,25
16:46:40,1.78,986400,25
16:46:41,1.78,986104,25
16:46:42,1.78,986652,25
16:46:43,1.78,986652,25
16:46:44,1.76,986104,25
16:46:45,1.76,986904,25
16:46:46,1.76,987156,25
16:46:48,1.76,986652,25
16:46:49,1.76,987008,25
16:46:50,1.75,986904,25
16:46:51,1.75,987912,25
16:46:52,1.75,987276,25
16:46:53,1.75,987512,25
16:46:54,1.76,987156,25
16:46:55,1.76,987112,25
16:46:56,1.76,987408,25
16:46:57,1.76,986904,25
16:46:58,1.76,987512,25
16:46:59,1.74,987512,25
16:47:00,1.74,987008,25
16:47:02,1.74,986904,25
16:47:03,1.74,987260,25
16:47:04,1.74,987512,25
16:47:05,1.76,986904,25
16:47:06,1.76,987156,25
16:47:07,1.76,986904,25
16:47:08,1.76,987408,25
16:47:09,1.79,986652,25
16:47:10,1.79,987008,25
16:47:11,1.79,987156,25
16:47:12,1.79,986904,25
16:47:13,1.79,987008,25
16:47:14,1.79,987260,25
16:47:15,1.79,986904,25
16:47:17,1.79,987660,25
16:47:18,1.79,987408,25
16:47:19,1.79,987764,25
16:47:20,1.79,987660,25
16:47:21,1.79,987660,25
16:47:22,1.79,988164,25
16:47:23,1.79,986904,25
16:47:24,1.80,987408,25
16:47:25,1.80,988016,25
16:47:26,1.80,987408,25
16:47:27,1.80,987008,25
16:47:28,1.80,986652,25
16:47:29,1.82,987008,25
16:47:30,1.82,987764,25
16:47:32,1.82,987660,25
16:47:33,1.82,987512,25
16:47:34,1.82,987660,25
16:47:35,1.82,988016,25
16:47:36,1.82,988164,25
16:47:37,1.82,988268,25
16:47:38,1.82,988016,25
16:47:39,1.82,988412,25
16:47:40,1.82,988180,25
16:47:41,1.82,987276,25
16:47:42,1.82,987276,25
16:47:43,1.82,987424,25
16:47:44,1.81,987424,25
16:47:46,1.81,987884,25
16:47:47,1.81,988180,25
16:47:48,1.81,988684,25
16:47:49,1.81,988284,25
16:47:50,1.80,988284,25
16:47:51,1.80,988180,25
16:47:52,1.80,988032,25
16:47:53,1.80,987780,25
16:47:54,1.78,987676,25
16:47:55,1.78,987780,25
16:47:56,1.78,988180,25
16:47:57,1.78,987528,25
16:47:58,1.78,987928,25
16:47:59,1.79,987528,25
16:48:01,1.79,987676,25
16:48:02,1.79,987128,25
16:48:03,1.79,987172,25
16:48:04,1.79,986668,25
16:48:05,1.79,986728,25
16:48:06,1.79,986684,25
16:48:07,1.79,986668,25
16:48:08,1.79,986772,25
16:48:09,1.79,986920,25
16:48:10,1.79,986876,25
16:48:11,1.79,987024,25
16:48:12,1.79,987276,25
16:48:13,1.79,987172,25
16:48:15,1.78,987172,25
16:48:16,1.78,987276,25
16:48:17,1.78,987780,25
16:48:18,1.78,986920,25
16:48:19,1.78,987024,25
16:48:20,1.80,987024,25
16:48:21,1.80,987276,25
16:48:22,1.80,987172,25
16:48:23,1.80,986920,25
16:48:24,1.80,986920,25
16:48:25,1.80,987172,25
16:48:26,1.80,987424,25
16:48:27,1.80,987528,25
16:48:28,1.80,987424,25
16:48:30,1.81,987172,25
16:48:31,1.81,986920,25
16:48:32,1.81,986920,25
16:48:33,1.81,986416,25
16:48:34,1.81,986416,25
16:48:35,1.83,986668,25
16:48:36,1.83,986416,25
16:48:37,1.83,986920,25
16:48:38,1.83,987128,25
16:48:39,1.83,987528,25
16:48:40,1.83,987128,25
16:48:41,1.83,987424,25
16:48:42,1.83,987172,25
16:48:44,1.83,987172,25
16:48:45,1.83,987024,25
16:48:46,1.83,986668,25
16:48:47,1.83,987276,25
16:48:48,1.83,987276,25
16:48:49,1.83,987780,25
16:48:50,1.87,987024,25
16:48:51,1.87,987276,25
16:48:52,1.87,987024,25
16:48:53,1.87,987676,25
16:48:54,1.89,987528,25
16:48:55,1.89,987528,25
16:48:56,1.89,987424,25
16:48:57,1.89,987676,25
16:48:59,1.89,987024,25
16:49:00,1.89,987676,25
16:49:01,1.89,987276,25
16:49:02,1.89,987172,25
16:49:03,1.89,987172,25
16:49:04,1.89,986580,25
16:49:05,1.89,987276,25
16:49:06,1.89,986668,25
16:49:07,1.89,986772,25
16:49:08,1.89,987484,25
16:49:09,1.88,987276,25
16:49:10,1.88,986668,25
16:49:11,1.88,986920,25
16:49:13,1.88,986920,25
16:49:14,1.88,987024,25
16:49:15,1.86,987172,25
16:49:16,1.86,987128,25
16:49:17,1.86,987024,25
16:49:18,1.86,987276,25
16:49:19,1.85,987528,25
16:49:20,1.85,987632,25
16:49:21,1.85,987024,25
16:49:22,1.85,987172,25
16:49:23,1.85,987780,25
16:49:24,1.83,987024,25
16:49:25,1.83,986772,25
16:49:26,1.83,987084,25
16:49:28,1.83,987172,25
16:49:29,1.83,986920,25
16:49:30,1.82,987172,25
16:49:31,1.82,986668,25
16:49:32,1.82,987276,25
16:49:33,1.82,986772,25
16:49:34,1.81,987172,25
16:49:35,1.81,986668,25
16:49:36,1.81,987380,25
16:49:37,1.81,987424,25
16:49:38,1.81,987128,25
16:49:39,1.79,987276,25
16:49:40,1.79,987528,25
16:49:41,1.79,987928,25
16:49:43,1.79,987780,25
16:49:44,1.79,987676,25
16:49:45,1.80,987928,25
16:49:46,1.80,987588,25
16:49:47,1.80,987780,25
16:49:48,1.80,987676,25
16:49:49,1.80,987380,25
16:49:50,1.80,987024,25
16:49:51,1.80,987632,25
16:49:52,1.80,987380,25
16:49:53,1.80,987380,25
16:49:54,1.80,987172,25
16:49:55,1.80,987172,25
16:49:57,1.80,987172,25
16:49:58,1.80,987424,25
16:49:59,1.80,987676,25
16:50:00,1.81,987676,25
16:50:01,1.81,987128,25
16:50:02,1.81,987632,25
16:50:03,1.81,987528,25
16:50:04,1.83,987676,25
16:50:05,1.83,987424,25
16:50:06,1.83,987172,25
16:50:07,1.83,986772,25
16:50:08,1.83,987172,25
16:50:09,1.85,974824,25
16:50:10,1.85,974824,25
16:50:12,1.85,974928,25
16:50:13,1.85,975076,25
16:50:14,1.85,975076,25
16:50:15,1.87,974928,25
16:50:16,1.87,975328,25
16:50:17,1.87,974928,25
16:50:18,1.87,974928,25
16:50:19,1.87,974928,25
16:50:20,1.87,975580,25
16:50:21,1.87,975032,25
16:50:22,1.87,975684,25
16:50:23,1.87,975580,25
16:50:24,1.87,975684,25
16:50:26,1.87,975684,25
16:50:27,1.87,975328,25
16:50:28,1.87,975832,25
16:50:29,1.87,975076,25
16:50:30,1.86,976188,25
16:50:31,1.86,976692,25
16:50:32,1.86,977596,25
16:50:33,1.86,978456,25
16:50:34,1.84,979108,25
16:50:35,1.84,981228,25
16:50:36,1.84,982992,25
16:50:37,1.84,984252,25
16:50:38,1.84,985260,25
16:50:40,1.83,985764,25
16:50:41,1.83,985408,25
16:50:42,1.83,984652,25
16:50:43,1.83,985008,25
16:50:44,1.83,985912,25
16:50:45,1.81,986684,25
16:50:46,1.81,986536,25
16:50:47,1.81,986788,25
16:50:48,1.81,986432,25
16:50:49,1.80,986684,25
16:50:50,1.80,986432,25
16:50:51,1.80,986432,25
16:50:52,1.80,986684,25
16:50:53,1.80,987440,25
16:50:55,1.79,988448,25
16:50:56,1.79,988300,25
16:50:57,1.79,987856,25
16:50:58,1.79,988196,25
16:50:59,1.79,988448,25
16:51:00,1.79,988552,25
16:51:01,1.79,988448,25
16:51:02,1.79,988804,25
16:51:03,1.79,988552,25
16:51:04,1.79,988196,25
16:51:05,1.79,988196,25
16:51:06,1.79,988048,25
16:51:07,1.79,987944,25
16:51:09,1.79,987692,25
16:51:10,1.80,987692,25
16:51:11,1.80,988196,25
16:51:12,1.80,988048,25
16:51:13,1.80,988700,25
16:51:14,1.80,988804,25
16:51:15,1.80,988360,25
16:51:16,1.80,988300,25
16:51:17,1.80,988300,25
16:51:18,1.80,988152,25
16:51:19,1.82,988404,25
16:51:20,1.82,988952,25
16:51:21,1.82,989456,25
16:51:22,1.82,989960,25
16:51:24,1.82,990064,25
16:51:25,1.84,990212,25
16:51:26,1.84,991220,25
16:51:27,1.84,990968,25
16:51:28,1.84,990940,25
16:51:29,1.84,991072,25
16:51:30,1.86,990568,25
16:51:31,1.86,990464,25
16:51:32,1.86,990316,25
16:51:33,1.86,989560,25
16:51:34,1.86,990464,25
16:51:35,1.86,990820,25
16:51:36,1.86,990568,25
16:51:38,1.86,990628,25
16:51:39,1.86,990716,25
16:51:40,1.87,990716,25
16:51:41,1.87,990716,25
16:51:42,1.87,990064,25
16:51:43,1.87,990212,25
16:51:44,1.87,990568,25
16:51:45,1.92,990464,25
16:51:46,1.92,990464,25
16:51:47,1.92,989960,25
16:51:48,1.92,990064,25
16:51:49,1.90,990064,25
16:51:50,1.90,990464,25
16:51:51,1.90,990212,25
16:51:53,1.90,990716,25
16:51:54,1.90,991220,25
16:51:55,1.90,991576,25
16:51:56,1.90,992480,25
16:51:57,1.90,992332,25
16:51:58,1.90,992332,25
16:51:59,1.90,991724,25
16:52:00,1.91,992480,25
16:52:01,1.91,991932,25
16:52:02,1.91,991828,25
16:52:03,1.91,991724,25
16:52:04,1.92,991828,25
16:52:05,1.92,991472,25
16:52:07,1.92,992184,25
16:52:08,1.92,992228,25
16:52:09,1.92,992984,25
16:52:10,1.93,992984,25
16:52:11,1.93,993088,25
16:52:12,1.93,992984,25
16:52:13,1.93,993088,25
16:52:14,1.93,993340,25
16:52:15,1.91,993488,25
16:52:16,1.91,993340,25
16:52:17,1.91,993236,25
16:52:18,1.91,993992,25
16:52:19,1.90,994244,26
16:52:20,1.90,993844,25
16:52:22,1.90,993400,25
16:52:23,1.90,993740,25
16:52:24,1.90,993488,25
16:52:25,1.93,993236,25
16:52:26,1.93,993236,25
16:52:27,1.93,993488,25
16:52:28,1.93,993340,25
16:52:29,1.93,993592,25
16:52:30,1.93,993088,25
16:52:31,1.93,994496,26
16:52:32,1.93,994244,26
16:52:33,1.93,993844,25
16:52:34,1.93,994244,26
16:52:36,1.93,994496,26
16:52:37,1.93,994600,26
16:52:38,1.93,994600,26
16:52:39,1.93,994452,26
16:52:40,1.93,994200,25
16:52:41,1.93,994244,26
16:52:42,1.93,995104,26
16:52:43,1.93,994748,26
16:52:44,1.94,994244,26
16:52:45,1.94,994748,26
16:52:46,1.94,994452,26
16:52:47,1.94,993740,25
16:52:48,1.94,994600,26
16:52:50,1.94,994244,26
16:52:51,1.94,993844,25
16:52:52,1.94,994096,25
16:52:53,1.94,994496,26
16:52:54,1.94,994348,26
16:52:55,1.94,994496,26
16:52:56,1.94,995000,26
16:52:57,1.94,995252,26
16:52:58,1.94,994348,26
16:52:59,1.94,995000,26
16:53:00,1.94,994600,26
16:53:01,1.94,994348,26
16:53:02,1.94,994096,25
16:53:04,1.94,995000,26
16:53:05,1.94,994748,26
16:53:06,1.94,994748,26
16:53:07,1.94,995000,26
16:53:08,1.94,994600,26
16:53:09,1.94,994852,26
16:53:10,1.93,994496,26
16:53:11,1.93,994496,26
16:53:12,1.93,994748,26
16:53:13,1.93,994244,26
16:53:14,1.91,994348,26
16:53:15,1.91,994600,26
16:53:16,1.91,994780,26
16:53:17,1.91,994276,26
16:53:19,1.91,995284,26
16:53:20,1.90,995536,26
16:53:21,1.90,996292,26
16:53:22,1.90,995536,26
16:53:23,1.90,995388,26
16:53:24,1.90,995892,26
16:53:25,1.88,996396,26
16:53:26,1.88,996752,26
16:53:27,1.88,996648,26
16:53:28,1.88,995788,26
16:53:29,1.87,995284,26
16:53:30,1.87,995536,26
16:53:31,1.87,995032,26
16:53:33,1.87,995032,26
16:53:34,1.87,996144,26
16:53:35,1.87,995788,26
16:53:36,1.87,995536,26
16:53:37,1.87,996040,26
16:53:38,1.87,995892,26
16:53:39,1.87,995892,26
16:53:40,1.94,996544,26
16:53:41,1.94,996040,26
16:53:42,1.94,996040,26
16:53:43,1.94,995864,26
16:53:44,1.94,995892,26
16:53:45,1.94,996040,26
16:53:47,1.94,995788,26
16:53:48,1.94,995536,26
16:53:49,1.94,996292,26
16:53:50,1.94,996796,26
16:53:51,1.94,997256,26
16:53:52,1.94,996796,26
16:53:53,1.94,996796,26
16:53:54,1.94,996292,26
16:53:55,2.01,996544,26
16:53:56,2.01,996396,26
16:53:57,2.01,996544,26
16:53:58,2.01,996900,26
16:53:59,2.01,996396,26
16:54:00,2.01,996396,26
16:54:02,2.01,997048,26
16:54:03,2.01,996396,26
16:54:04,2.01,996396,26
16:54:05,2.01,996292,26
16:54:06,2.01,995788,26
16:54:07,2.01,996040,26
16:54:08,2.01,995892,26
16:54:09,2.01,996040,26
16:54:10,2.04,996248,26
16:54:11,2.04,996544,26
16:54:12,2.04,996396,26
16:54:13,2.04,996648,26
16:54:14,2.04,996040,26
16:54:16,2.04,996544,26
16:54:17,2.04,996796,26
16:54:18,2.04,996544,26
16:54:19,2.04,996292,26
16:54:20,2.04,996292,26
16:54:21,2.04,996648,26
16:54:22,2.04,996796,26
16:54:23,2.04,997152,26
16:54:24,2.02,997048,26
16:54:25,2.02,997152,26
16:54:26,2.02,996900,26
16:54:27,2.02,996752,26
16:54:28,2.02,997404,26
16:54:30,2.00,997048,26
16:54:31,2.00,997048,26
16:54:32,2.00,997048,26
16:54:33,2.00,997300,26
16:54:34,2.00,996900,26
16:54:35,1.99,997048,26
16:54:36,1.99,996796,26
16:54:37,1.99,996796,26
16:54:38,1.99,997300,26
16:54:39,1.99,996960,26
16:54:40,1.99,997048,26
16:54:41,1.99,996648,26
16:54:42,1.99,997404,26
16:54:43,1.99,996544,26
16:54:45,1.99,996292,26
16:54:46,1.99,996396,26
16:54:47,1.99,996900,26
16:54:48,1.99,996648,26
16:54:49,1.99,996396,26
16:54:50,1.97,995892,26
16:54:51,1.97,996796,26
16:54:52,1.97,995908,26
16:54:53,1.97,996648,26
16:54:54,1.95,997048,26
16:54:55,1.95,996368,26
16:54:56,1.95,996396,26
16:54:57,1.95,996544,26
16:54:58,1.95,996292,26
16:55:00,1.94,996544,26
16:55:01,1.94,996544,26
16:55:02,1.94,996040,26
16:55:03,1.94,996292,26
16:55:04,1.94,996796,26
16:55:05,1.94,996796,26
16:55:06,1.94,996960,26
16:55:07,1.94,997152,26
16:55:08,1.94,996796,26
16:55:09,1.96,996796,26
16:55:10,1.96,997404,26
16:55:11,1.96,997552,26
16:55:12,1.96,997552,26
16:55:14,1.96,997048,26
16:55:15,1.97,997048,26
16:55:16,1.97,996648,26
16:55:17,1.97,996900,26
16:55:18,1.97,997300,26
16:55:19,1.97,997256,26
16:55:20,1.98,996648,26
16:55:21,1.98,996516,26
16:55:22,1.98,997656,26
16:55:23,1.98,996544,26
16:55:24,1.98,996960,26
16:55:25,1.98,996544,26
16:55:26,1.98,996544,26
16:55:27,1.98,996040,26
16:55:29,1.98,996916,26
16:55:30,1.98,996516,26
16:55:31,1.98,996768,26
16:55:32,1.98,996664,26
16:55:33,1.98,996768,26
16:55:34,1.98,997420,26
16:55:35,1.99,996160,26
16:55:36,1.99,996812,26
16:55:37,1.99,996664,26
16:55:38,1.99,996412,26
16:55:39,1.99,996412,26
16:55:40,1.99,996560,26
16:55:41,1.99,996812,26
16:55:43,1.99,997316,26
16:55:44,1.99,996812,26
16:55:45,1.98,997064,26
16:55:46,1.98,997064,26
16:55:47,1.98,997064,26
16:55:48,1.98,997124,26
16:55:49,1.98,997420,26
16:55:50,1.96,997064,26
16:55:51,1.96,996812,26
16:55:52,1.96,997420,26
16:55:53,1.96,997568,26
16:55:54,1.96,997316,26
16:55:55,1.96,997568,26
16:55:56,1.96,997168,26
16:55:58,1.96,997316,26
16:55:59,1.96,997480,26
16:56:00,1.96,997568,26
16:56:01,1.96,997168,26
16:56:02,1.96,997524,26
16:56:03,1.96,997316,26
16:56:04,1.96,997064,26
16:56:05,1.95,997168,26
16:56:06,1.95,997272,26
16:56:07,1.95,997316,26
16:56:08,1.95,997064,26
16:56:09,1.93,997064,26
16:56:10,1.93,996812,26
16:56:12,1.93,997064,26
16:56:13,1.93,996664,26
16:56:14,1.93,997316,26
16:56:15,1.91,996664,26
16:56:16,1.91,996308,26
16:56:17,1.91,997272,26
16:56:18,1.91,997568,26
16:56:19,1.91,997064,26
16:56:20,1.90,997420,26
16:56:21,1.90,997316,26
16:56:22,1.90,997524,26
16:56:23,1.90,997672,26
16:56:24,1.90,997316,26
16:56:25,1.90,996516,26
16:56:27,1.90,996160,26
16:56:28,1.90,996308,26
16:56:29,1.90,996560,26
16:56:30,1.90,997064,26
16:56:31,1.90,997064,26
16:56:32,1.90,997064,26
16:56:33,1.90,997316,26
16:56:34,1.90,996916,26
16:56:35,1.91,996664,26
16:56:36,1.91,997020,26
16:56:37,1.91,997376,26
16:56:38,1.91,996308,26
16:56:39,1.91,987696,25
16:56:40,1.91,988096,25
16:56:42,1.91,988244,25
16:56:43,1.91,987740,25
16:56:44,1.91,987740,25
16:56:45,1.91,987992,25
16:56:46,1.91,987740,25
16:56:47,1.91,987844,25
16:56:48,1.91,988096,25
16:56:49,1.91,987844,25
16:56:50,1.91,988096,25
16:56:51,1.91,987992,25
16:56:52,1.91,988244,25
16:56:53,1.91,988244,25
16:56:54,1.91,988600,25
16:56:56,1.91,987948,25
16:56:57,1.91,988096,25
16:56:58,1.91,988748,25
16:56:59,1.91,989756,25
16:57:00,1.91,991120,25
16:57:01,1.91,991772,25
16:57:02,1.91,992276,25
16:57:03,1.91,993640,25
16:57:04,1.91,994544,26
16:57:05,1.90,995004,26
16:57:06,1.90,995048,26
16:57:07,1.90,994796,26
16:57:08,1.90,995908,26
16:57:10,1.90,994900,26
16:57:11,1.90,995300,26
16:57:12,1.90,995048,26
16:57:13,1.90,995656,26
16:57:14,1.90,996916,26
16:57:15,1.89,996812,26
16:57:16,1.89,996976,26
16:57:17,1.89,996812,26
16:57:18,1.89,997272,26
16:57:19,1.89,996560,26
16:57:20,1.94,996812,26
16:57:21,1.94,997064,26
16:57:22,1.94,997064,26
16:57:23,1.94,997064,26
16:57:25,1.92,998028,26
16:57:26,1.92,998324,26
16:57:27,1.92,998072,26
16:57:28,1.92,997820,26
16:57:29,1.92,997568,26
16:57:30,1.91,997568,26
16:57:31,1.91,997568,26
16:57:32,1.91,997820,26
16:57:33,1.91,998176,26
16:57:34,1.91,998576,26
16:57:35,1.89,998680,26
16:57:36,1.89,998828,26
16:57:37,1.89,999184,26
16:57:39,1.89,999332,26
16:57:40,1.88,999036,26
16:57:41,1.88,999184,26
16:57:42,1.88,999080,26
16:57:43,1.88,999436,26
16:57:44,1.88,998784,26
16:57:45,1.88,999080,26
16:57:46,1.88,998576,26
16:57:47,1.88,998680,26
16:57:48,1.88,997924,26
16:57:49,1.88,998072,26
16:57:50,1.88,998072,26
16:57:51,1.88,998576,26
16:57:53,1.88,998072,26
16:57:54,1.88,998324,26
16:57:55,1.88,997820,26
16:57:56,1.88,998576,26
16:57:57,1.88,997924,26
16:57:58,1.88,997568,26
16:57:59,1.88,998176,26
16:58:00,1.89,998576,26
16:58:01,1.89,998680,26
16:58:02,1.89,998548,26
16:58:03,1.89,998576,26
16:58:04,1.89,998428,26
16:58:05,1.89,998324,26
16:58:07,1.89,998740,26
16:58:08,1.89,998828,26
16:58:09,1.89,998576,26
16:58:10,1.89,998680,26
16:58:11,1.89,998828,26
16:58:12,1.89,998784,26
16:58:13,1.89,999036,26
16:58:14,1.89,998828,26
16:58:15,1.89,998576,26
16:58:16,1.89,998576,26
16:58:17,1.89,999080,26
16:58:18,1.89,998576,26
16:58:19,1.89,999072,26
16:58:20,1.89,999072,26
16:58:22,1.89,998568,26
16:58:23,1.89,998924,26
16:58:24,1.89,998820,26
16:58:25,1.88,998776,26
16:58:26,1.88,998820,26
16:58:27,1.88,998272,26
16:58:28,1.88,998168,26
16:58:29,1.88,997812,26
16:58:30,1.86,998316,26
16:58:31,1.86,998420,26
16:58:32,1.86,998672,26
16:58:33,1.86,998672,26
16:58:34,1.85,998820,26
16:58:36,1.85,998064,26
16:58:37,1.85,998820,26
16:58:38,1.85,999680,26
16:58:39,1.85,999428,26
16:58:40,1.83,999828,26
16:58:41,1.83,999680,26
16:58:42,1.83,999384,26
16:58:43,1.83,999576,26
16:58:44,1.83,999932,26
16:58:45,1.84,999324,26
16:58:46,1.84,999176,26
16:58:47,1.84,999576,26
16:58:48,1.84,999324,26
16:58:50,1.82,999072,26
16:58:51,1.82,999072,26
16:58:52,1.82,999428,26
16:58:53,1.82,999532,26
16:58:54,1.82,999680,26
16:58:55,1.81,999576,26
16:58:56,1.81,1000392,26
16:58:57,1.81,999340,26
16:58:58,1.81,999176,26
16:58:59,1.81,999324,26
16:59:00,1.80,999820,26
16:59:01,1.80,999628,26
16:59:02,1.80,999568,26
16:59:04,1.80,999420,26
16:59:05,1.80,999568,26
16:59:06,1.80,999420,26
16:59:07,1.80,998812,26
16:59:08,1.80,999704,26
16:59:09,1.80,999600,26
16:59:10,1.80,999348,26
16:59:11,1.80,999956,26
16:59:12,1.80,1000208,26
16:59:13,1.80,1000208,26
16:59:14,1.80,999852,26
16:59:15,1.87,1000104,26
16:59:16,1.87,1000356,26
16:59:17,1.87,1000208,26
16:59:19,1.87,1000608,26
16:59:20,1.89,1000608,26
16:59:21,1.89,1000356,26
16:59:22,1.89,1000860,26
16:59:23,1.89,1000964,26
16:59:24,1.89,1001364,26
16:59:25,1.89,1001868,26
16:59:26,1.89,1001364,26
16:59:27,1.89,1002476,26
16:59:28,1.89,1002728,26
16:59:29,1.89,1002372,26
16:59:30,1.90,1002372,26
16:59:31,1.90,1001468,26
16:59:33,1.90,1001616,26
16:59:34,1.90,1001468,26
16:59:35,1.90,1001364,26
16:59:36,1.90,1001364,26
16:59:37,1.90,1001972,26
16:59:38,1.90,1002372,26
16:59:39,1.90,1001824,26
16:59:40,1.92,1002476,26
16:59:41,1.92,1001972,26
16:59:42,1.92,1002372,26
16:59:43,1.92,1002388,26
16:59:44,1.90,1001868,26
16:59:45,1.90,1002372,26
16:59:47,1.90,1002624,26
16:59:48,1.90,1001868,26
16:59:49,1.90,1001720,26
16:59:50,1.89,1002120,26
16:59:51,1.89,1001468,26
16:59:52,1.89,1001868,26
16:59:53,1.89,1001720,26
16:59:54,1.89,1001720,26
16:59:55,1.87,1001868,26
16:59:56,1.87,1001868,26
16:59:57,1.87,1002120,26
16:59:58,1.87,1002624,26
16:59:59,1.86,1002372,26
17:00:01,1.86,1002832,26
17:00:02,1.86,1001972,26
17:00:03,1.86,1002120,26
17:00:04,1.86,1002624,26
17:00:05,1.84,1001468,26
17:00:06,1.84,1002224,26
17:00:07,1.84,1002120,26
17:00:08,1.84,1002372,26
17:00:09,1.84,1002120,26
17:00:10,1.84,1002224,26
17:00:11,1.84,1002120,26
17:00:12,1.84,1002120,26
17:00:13,1.84,1002476,26
17:00:15,1.83,1001868,26
17:00:16,1.83,1001616,26
17:00:17,1.83,1002624,26
17:00:18,1.83,1003128,26
17:00:19,1.83,1004388,26
17:00:20,1.82,1005248,26
17:00:21,1.82,1005900,26
17:00:22,1.82,1004908,26
17:00:23,1.82,1005144,26
17:00:24,1.82,1005396,26
17:00:25,1.82,1005248,26
17:00:26,1.82,1004996,26
17:00:27,1.82,1004492,26
17:00:28,1.82,1004388,26
17:00:30,1.82,1004744,26
17:00:31,1.82,1005900,26
17:00:32,1.82,1006256,26
17:00:33,1.82,1006404,26
17:00:34,1.82,1006152,26
17:00:35,1.83,1006152,26
17:00:36,1.83,1005648,26
17:00:37,1.83,1005396,26
17:00:38,1.83,1004952,26
17:00:39,1.83,1005648,26
17:00:40,1.85,1006256,26
17:00:41,1.85,1007264,26
17:00:42,1.85,1007160,26
17:00:44,1.85,1007160,26
17:00:45,1.85,1007264,26
17:00:46,1.85,1007160,26
17:00:47,1.85,1007412,26
17:00:48,1.85,1008020,26
17:00:49,1.85,1008628,26
17:00:50,1.88,1008420,26
17:00:51,1.88,1008020,26
17:00:52,1.88,1007872,26
17:00:53,1.88,1007160,26
17:00:54,1.88,1007828,26
17:00:55,1.95,1007220,26
17:00:56,1.95,1007160,26
17:00:58,1.95,1007412,26
17:00:59,1.95,1007656,26
17:01:00,1.95,1008412,26
17:01:01,1.95,1008264,26
17:01:02,1.95,1008664,26
17:01:03,1.95,1008516,26
17:01:04,1.95,1008264,26
17:01:05,1.94,1008116,26
17:01:06,1.94,1008664,26
17:01:07,1.94,1008412,26
17:01:08,1.94,1008012,26
17:01:09,1.94,1007908,26
17:01:10,1.99,1007908,26
17:01:11,1.99,1007568,26
17:01:13,1.99,1007656,26
17:01:14,1.99,1007656,26
17:01:15,1.97,1007760,26
17:01:16,1.97,1008012,26
17:01:17,1.97,1008576,26
17:01:18,1.97,1007908,26
17:01:19,1.97,1008516,26
17:01:20,1.96,1008368,26
17:01:21,1.96,1007908,26
17:01:22,1.96,1008324,26
17:01:23,1.96,1008516,26
17:01:24,1.96,1007908,26
17:01:25,1.96,1007908,26
17:01:27,1.96,1008412,26
17:01:28,1.96,1008472,26
17:01:29,1.96,1007908,26
17:01:30,1.94,1007908,26
17:01:31,1.94,1008368,26
17:01:32,1.94,1008324,26
17:01:33,1.94,1008516,26
17:01:34,1.94,1008160,26
17:01:35,1.94,1008012,26
17:01:36,1.94,1008160,26
17:01:37,1.94,1007760,26
17:01:38,1.94,1008160,26
17:01:39,1.94,1007656,26
17:01:40,1.93,1007404,26
17:01:42,1.93,1007864,26
17:01:43,1.93,1008160,26
17:01:44,1.93,1008368,26
17:01:45,1.93,1008012,26
17:01:46,1.93,1008412,26
17:01:47,1.93,1008264,26
17:01:48,1.93,1008160,26
17:01:49,1.93,1008160,26
17:01:50,1.93,1007760,26
17:01:51,1.93,1008012,26
17:01:52,1.93,1007908,26
17:01:53,1.93,1008012,26
17:01:54,1.93,1007656,26
17:01:56,1.93,1008264,26
17:01:57,1.93,1008012,26
17:01:58,1.93,1008012,26
17:01:59,1.93,1008264,26
17:02:00,1.93,1008412,26
17:02:01,1.93,1008160,26
17:02:02,1.93,1008160,26
17:02:03,1.93,1008264,26
17:02:04,1.93,1008412,26
17:02:05,1.93,1008664,26
17:02:06,1.93,1009420,26
17:02:07,1.93,1008160,26
17:02:08,1.93,1008160,26
17:02:10,1.93,1008516,26
17:02:11,1.93,1008916,26
17:02:12,1.93,1008664,26
17:02:13,1.93,1008664,26
17:02:14,1.93,1008664,26
17:02:15,1.95,1008664,26
17:02:16,1.95,1008916,26
17:02:17,1.95,1008664,26
17:02:18,1.95,1008264,26
17:02:19,1.95,1008412,26
17:02:20,1.95,1008412,26
17:02:21,1.95,1008916,26
17:02:22,1.95,1009168,26
17:02:24,1.95,1009420,26
17:02:25,1.94,1008664,26
17:02:26,1.94,1008516,26
17:02:27,1.94,1008664,26
17:02:28,1.94,1009036,26
17:02:29,1.94,1009288,26
17:02:30,1.92,1008680,26
17:02:31,1.92,1008740,26
17:02:32,1.92,1008532,26
17:02:33,1.92,1009036,26
17:02:34,1.92,1008932,26
17:02:35,1.92,1009436,26
17:02:36,1.92,1008680,26
17:02:37,1.92,1009288,26
17:02:39,1.92,1009688,26
17:02:40,1.91,1009792,26
17:02:41,1.91,1009184,26
17:02:42,1.91,1008532,26
17:02:43,1.91,1008932,26
17:02:44,1.91,1009140,26
17:02:45,1.89,1008932,26
17:02:46,1.89,1009496,26
17:02:47,1.89,1009184,26
17:02:48,1.89,1008428,26
17:02:49,1.89,1008784,26
17:02:50,1.89,1009184,26
17:02:51,1.89,1009036,26
17:02:53,1.89,1009036,26
17:02:54,1.89,1009184,26
17:02:55,1.88,1008532,26
17:02:56,1.88,1009940,26
17:02:57,1.88,1009688,26
17:02:58,1.88,1010192,26
17:02:59,1.88,1009288,26
17:03:00,1.86,1009688,26
17:03:01,1.86,1009940,26
17:03:02,1.86,1009940,26
17:03:03,1.86,1009540,26
17:03:04,1.86,1009940,26
17:03:05,1.88,1009288,26
17:03:07,1.88,1009688,26
17:03:08,1.88,1009436,26
17:03:09,1.88,1009688,26
17:03:10,1.89,1008932,26
17:03:11,1.89,1009436,26
17:03:12,1.89,1009940,26
17:03:13,1.89,1009436,26
17:03:14,1.89,1009288,26
17:03:15,1.90,1009184,26
17:03:16,1.90,1009436,26
17:03:17,1.90,1009436,26
17:03:18,1.90,1009688,26
17:03:19,1.90,1009940,26
17:03:20,1.92,1009940,26
17:03:22,1.92,1010696,26
17:03:23,1.92,1010696,26
17:03:24,1.92,1011304,26
17:03:25,1.92,1010800,26
17:03:26,1.92,1011512,26
17:03:27,1.92,1010696,26
17:03:28,1.92,1011052,26
17:03:29,1.92,1010548,26
17:03:30,1.94,1010192,26
17:03:31,1.94,1010652,26
17:03:32,1.94,1010668,26
17:03:33,1.94,1010948,26
17:03:34,1.94,1010696,26
17:03:36,1.96,1010696,26
17:03:37,1.96,1010800,26
17:03:38,1.96,1010192,26
17:03:39,1.96,1010444,26
17:03:40,1.98,1010400,26
17:03:41,1.98,1010044,26
17:03:42,1.98,1010548,26
17:03:43,1.98,1010192,26
17:03:44,1.98,1010444,26
17:03:45,1.96,1010696,26
17:03:46,1.96,1010444,26
17:03:47,1.96,1011452,26
17:03:48,1.96,1011200,26
17:03:50,1.94,1010696,26
17:03:51,1.94,1011200,26
17:03:52,1.94,1011304,26
17:03:53,1.94,1010756,26
17:03:54,1.94,1010948,26
17:03:55,1.95,1011200,26
17:03:56,1.95,1011704,26
17:03:57,1.95,1011556,26
17:03:58,1.95,1011200,26
17:03:59,1.95,1011452,26
17:04:00,1.93,1011868,26
17:04:01,1.93,1012460,26
17:04:02,1.93,1011704,26
17:04:04,1.93,1011956,26
17:04:05,1.91,1011956,26
17:04:06,1.91,1012208,26
17:04:07,1.91,1012460,26
17:04:08,1.91,1011956,26
17:04:09,1.91,1012208,26
17:04:10,1.92,1012460,26
17:04:11,1.92,1012312,26
17:04:12,1.92,1012460,26
17:04:13,1.92,1012312,26
17:04:14,1.92,1012312,26
17:04:15,1.90,1012460,26
17:04:16,1.90,1012460,26
17:04:18,1.90,1012564,26
17:04:19,1.90,1012712,26
17:04:20,1.88,1012816,26
17:04:21,1.88,1013468,26
17:04:22,1.88,1014224,26
17:04:23,1.88,1013928,26
17:04:24,1.88,1013972,26
17:04:25,1.89,1014580,26
17:04:26,1.89,1014728,26
17:04:27,1.89,1014832,26
17:04:28,1.89,1014832,26
17:04:29,1.89,1015188,26
17:04:30,1.89,1015232,26
17:04:32,1.89,1015336,26
17:04:33,1.89,1015440,26
17:04:34,1.89,1015232,26
17:04:35,1.91,1015484,26
17:04:36,1.91,1015484,26
17:04:37,1.91,1014980,26
17:04:38,1.91,1015232,26
17:04:39,1.91,1015588,26
17:04:40,1.91,1015484,26
17:04:41,1.91,1015232,26
17:04:42,1.91,1015484,26
17:04:43,1.91,1015588,26
17:04:44,1.91,1015484,26
17:04:45,1.93,1014980,26
17:04:47,1.93,1015232,26
17:04:48,1.93,1015232,26
17:04:49,1.93,1014980,26
17:04:50,1.93,1015084,26
17:04:51,1.93,1015736,26
17:04:52,1.93,1015336,26
17:04:53,1.93,1015988,26
17:04:54,1.93,1014980,26
17:04:55,1.95,1015232,26
17:04:56,1.95,1015336,26
17:04:57,1.95,1015336,26
17:04:58,1.95,1015988,26
17:04:59,1.95,1015988,26
17:05:01,1.95,1015588,26
17:05:02,1.95,1016092,26
17:05:03,1.95,1015840,26
17:05:04,1.95,1015588,26
17:05:05,1.95,1015736,26
17:05:06,1.95,1016092,26
17:05:07,1.95,1016240,26
17:05:08,1.95,1015736,26
17:05:09,1.95,1015440,26
17:05:10,1.93,1015484,26
17:05:11,1.93,1015736,26
17:05:12,1.93,1015736,26
17:05:13,1.93,1015988,26
17:05:15,1.93,1015736,26
17:05:16,1.93,1016196,26
17:05:17,1.93,1016552,26
17:05:18,1.93,1016952,26
17:05:19,1.93,1016092,26
17:05:20,1.92,1016744,26
17:05:21,1.92,1016492,26
17:05:22,1.92,1016744,26
17:05:23,1.92,1016492,26
17:05:24,1.92,1015796,26
17:05:25,1.90,1016344,26
17:05:26,1.90,1015588,26
17:05:27,1.90,1015988,26
17:05:29,1.90,1015988,26
17:05:30,1.89,1015988,26
17:05:31,1.89,1016744,26
17:05:32,1.89,1017248,26
17:05:33,1.89,1018004,26
17:05:34,1.89,1018004,26
17:05:35,1.87,1018108,26
17:05:36,1.87,1018256,26
17:05:37,1.87,1018508,26
17:05:38,1.87,1018360,26
17:05:39,1.87,1018004,26
17:05:40,1.88,1017500,26
17:05:41,1.88,1018004,26
17:05:43,1.88,1018064,26
17:05:44,1.88,1018256,26
17:05:45,1.88,1018360,26
17:05:46,1.88,1018004,26
17:05:47,1.88,1018004,26
17:05:48,1.88,1017500,26
17:05:49,1.88,1017500,26
17:05:50,1.88,1017752,26
17:05:51,1.88,1017752,26
17:05:52,1.88,1017248,26
17:05:53,1.88,1017752,26
17:05:54,1.88,1017248,26
17:05:55,1.88,1017100,26
17:05:57,1.88,1017100,26
17:05:58,1.88,1017604,26
17:05:59,1.88,1018360,26
17:06:00,1.93,1018256,26
17:06:01,1.93,1017856,26
17:06:02,1.93,1018612,26
17:06:03,1.93,1018004,26
17:06:04,1.93,1018004,26
17:06:05,1.94,1018360,26
17:06:06,1.94,1018256,26
17:06:07,1.94,1018108,26
17:06:08,1.94,1018360,26
17:06:09,1.94,1018760,26
17:06:11,1.94,1018612,26
17:06:12,1.94,1019220,26
17:06:13,1.94,1019012,26
17:06:14,1.94,1019264,26
17:06:15,1.94,1019324,26
17:06:16,1.94,1019264,26
17:06:17,1.94,1018760,26
17:06:18,1.94,1018864,26
17:06:19,1.94,1018760,26
17:06:20,1.96,1018968,26
17:06:21,1.96,1019012,26
17:06:22,1.96,1019516,26
17:06:23,1.96,1018864,26
17:06:25,1.96,1018760,26
17:06:26,1.96,1019012,26
17:06:27,1.96,1019264,26
17:06:28,1.96,1019264,26
17:06:29,1.96,1019264,26
17:06:30,1.94,1019768,26
17:06:31,1.94,1019620,26
17:06:32,1.94,1019620,26
17:06:33,1.94,1019072,26
17:06:34,1.94,1019012,26
17:06:35,1.94,1019264,26
17:06:36,1.94,1019368,26
17:06:37,1.94,1019264,26
17:06:38,1.94,1019768,26
17:06:40,1.94,1019768,26
17:06:41,1.94,1019072,26
17:06:42,1.94,1019768,26
17:06:43,1.94,1019620,26
17:06:44,1.94,1019428,26
17:06:45,1.93,1019472,26
17:06:46,1.93,1019828,26
17:06:47,1.93,1019768,26
17:06:48,1.93,1020376,26
17:06:49,1.93,1020376,26
17:06:50,1.91,1020124,26
17:06:51,1.91,1020524,26
17:06:52,1.91,1020272,26
17:06:54,1.91,1021028,26
17:06:55,1.91,1020776,26
17:06:56,1.90,1020480,26
17:06:57,1.90,1020376,26
17:06:58,1.90,1020020,26
17:06:59,1.90,1020272,26
17:07:00,1.88,1017856,26
17:07:01,1.88,1018256,26
17:07:02,1.88,1018508,26
17:07:03,1.88,1018508,26
17:07:04,1.88,1018612,26
17:07:05,1.90,1018612,26
17:07:06,1.90,1019012,26
17:07:08,1.90,1018612,26
17:07:09,1.90,1018568,26
17:07:10,1.90,1018612,26
17:07:11,1.90,1019220,26
17:07:12,1.90,1018316,26
17:07:13,1.90,1019264,26
17:07:14,1.90,1019012,26
17:07:15,1.90,1018760,26
17:07:16,1.90,1019012,26
17:07:17,1.90,1018760,26
17:07:18,1.90,1019516,26
17:07:19,1.90,1019768,26
17:07:20,1.91,1019264,26
17:07:22,1.91,1019264,26
17:07:23,1.91,1019516,26
17:07:24,1.91,1019264,26
17:07:25,1.92,1019620,26
17:07:26,1.92,1019768,26
17:07:27,1.92,1020020,26
17:07:28,1.92,1020124,26
17:07:29,1.92,1020376,26
17:07:30,1.93,1019516,26
17:07:31,1.93,1020020,26
17:07:32,1.93,1020124,26
17:07:33,1.93,1019768,26
17:07:34,1.93,1020524,26
17:07:35,1.93,1020020,26
17:07:37,1.93,1020776,26
17:07:38,1.93,1020272,26
17:07:39,1.93,1020272,26
17:07:40,1.93,1020776,26
17:07:41,1.93,1020376,26
17:07:42,1.93,1020628,26
17:07:43,1.93,1020272,26
17:07:44,1.93,1019976,26
17:07:45,1.91,1020124,26
17:07:46,1.91,1019368,26
17:07:47,1.91,1020020,26
17:07:48,1.91,1021384,26
17:07:49,1.91,1020524,26
17:07:51,1.90,1020776,26
17:07:52,1.90,1021532,26
17:07:53,1.90,1021280,26
17:07:54,1.90,1021784,26
17:07:55,1.88,1021488,26
17:07:56,1.88,1021280,26
17:07:57,1.88,1021132,26
17:07:58,1.88,1021028,26
17:07:59,1.88,1023356,26
17:08:00,1.87,1024556,26
17:08:01,1.87,1026676,26
17:08:02,1.87,1027328,26
17:08:03,1.87,1027580,26
17:08:05,1.87,1027832,26
17:08:06,1.85,1028336,26
17:08:07,1.85,1028336,26
17:08:08,1.85,1028292,26
17:08:09,1.85,1028336,26
17:08:10,1.87,1028336,26
17:08:11,1.87,1027936,26
17:08:12,1.87,1027328,26
17:08:13,1.87,1026928,26
17:08:14,1.87,1027076,26
17:08:15,1.86,1026824,26
17:08:16,1.86,1026572,26
17:08:17,1.86,1027432,26
17:08:19,1.86,1028084,26
17:08:20,1.86,1028188,26
17:08:21,1.86,1029344,26
17:08:22,1.86,1029196,26
17:08:23,1.86,1029552,26
17:08:24,1.86,1029196,26
17:08:25,1.86,1029700,26
17:08:26,1.86,1029360,26
17:08:27,1.86,1029196,26
17:08:28,1.86,1029804,26
17:08:29,1.86,1029596,26
17:08:30,1.86,1028960,26
17:08:31,1.86,1028692,26
17:08:33,1.86,1029092,26
17:08:34,1.86,1028840,26
17:08:35,1.86,1029344,26
17:08:36,1.87,1029212,26
17:08:37,1.87,1029092,26
17:08:38,1.87,1029152,26
17:08:39,1.87,1029092,26
17:08:40,1.87,1028440,26
17:08:41,1.87,1028084,26
17:08:42,1.87,1028692,26
17:08:43,1.87,1028440,26
17:08:44,1.87,1028084,26
17:08:45,1.87,1028336,26
17:08:47,1.87,1028692,26
17:08:48,1.87,1028692,26
17:08:49,1.87,1028084,26
17:08:50,1.87,1028336,26
17:08:51,1.87,1029092,26
17:08:52,1.87,1029092,26
17:08:53,1.87,1029596,26
17:08:54,1.87,1029344,26
17:08:55,1.88,1030204,26
17:08:56,1.88,1030100,26
17:08:57,1.88,1029848,26
17:08:58,1.88,1029196,26
17:08:59,1.88,1029196,26
17:09:01,1.90,1029344,26
17:09:02,1.90,1029344,26
17:09:03,1.90,1029596,26
17:09:04,1.90,1029848,26
17:09:05,1.88,1030100,26
17:09:06,1.88,1030352,26
17:09:07,1.88,1029848,26
17:09:08,1.88,1030352,26
17:09:09,1.88,1029952,26
17:09:10,1.87,1031064,26
17:09:11,1.87,1031212,26
17:09:12,1.87,1031464,26
17:09:13,1.87,1031716,26
17:09:14,1.87,1032116,26
17:09:16,1.87,1031612,26
17:09:17,1.87,1031716,26
17:09:18,1.87,1031108,26
17:09:19,1.87,1031360,26
17:09:20,1.87,1031864,26
17:09:21,1.87,1031864,26
17:09:22,1.87,1032116,26
17:09:23,1.87,1031864,26
17:09:24,1.87,1032072,26
17:09:25,1.86,1031864,26
17:09:26,1.86,1032116,26
17:09:27,1.86,1032220,26
17:09:28,1.86,1032116,26
17:09:30,1.86,1032620,27
17:09:31,1.84,1032576,27
17:09:32,1.84,1032620,27
17:09:33,1.84,1032384,26
17:09:34,1.84,1031864,26
17:09:35,1.83,1031968,26
17:09:36,1.83,1032220,26
17:09:37,1.83,1033124,27
17:09:38,1.83,1032828,27
17:09:39,1.83,1033124,27
17:09:40,1.81,1033376,27
17:09:41,1.81,1033124,27
17:09:42,1.81,1033124,27
17:09:44,1.81,1033376,27
17:09:45,1.81,1033480,27
17:09:46,1.88,1033480,27
17:09:47,1.88,1034088,27
17:09:48,1.88,1033228,27
17:09:49,1.88,1032620,27
17:09:50,1.89,1033480,27
17:09:51,1.89,1033156,27
17:09:52,1.89,1033732,27
17:09:53,1.89,1033376,27
17:09:54,1.89,1033124,27
17:09:55,1.89,1033124,27
17:09:56,1.89,1032976,27
17:09:58,1.89,1033480,27
17:09:59,1.89,1033480,27
17:10:00,1.89,1034088,27
17:10:01,1.92,1033480,27
17:10:02,1.92,1033124,27
17:10:03,1.92,1033228,27
17:10:04,1.92,1032872,27
17:10:05,1.92,1033732,27
17:10:06,1.92,1033628,27
17:10:07,1.92,1033628,27
17:10:08,1.92,1033984,27
17:10:09,1.92,1035140,27
17:10:11,1.93,1035644,27
17:10:12,1.93,1035600,27
17:10:13,1.93,1035748,27
17:10:14,1.93,1036148,27
17:10:15,1.93,1036252,27
17:10:16,1.93,1035748,27
