时间,CPU负载,内存使用量(MB),内存使用率(%)
19:37:59,1.63 1.63 1.67,972240,25
19:38:00,1.63 1.63 1.67,972744,25
19:38:02,1.66 1.63 1.68,973248,25
19:38:03,1.66 1.63 1.68,973280,25
19:38:04,1.66 1.63 1.68,973280,25
19:38:05,1.66 1.63 1.68,973532,25
19:38:06,1.69 1.64 1.68,973088,25
19:38:07,1.69 1.64 1.68,972880,25
19:38:08,1.69 1.64 1.68,973952,25
19:38:09,1.69 1.64 1.68,974604,25
19:38:10,1.69 1.64 1.68,974560,25
19:38:11,1.71 1.65 1.68,974856,25
19:38:12,1.71 1.65 1.68,974856,25
19:38:13,1.71 1.65 1.68,974856,25
19:38:14,1.71 1.65 1.68,974100,25
19:38:16,1.71 1.65 1.68,973952,25
19:38:17,1.82 1.67 1.69,974352,25
19:38:18,1.82 1.67 1.69,974856,25
19:38:19,1.82 1.67 1.69,974856,25
19:38:20,1.82 1.67 1.69,974960,25
19:38:21,1.83 1.67 1.69,974960,25
19:38:22,1.83 1.67 1.69,974960,25
19:38:23,1.83 1.67 1.69,975612,25
19:38:24,1.83 1.67 1.69,975360,25
19:38:25,1.83 1.67 1.69,975464,25
19:38:26,1.77 1.66 1.68,975968,25
19:38:27,1.77 1.66 1.68,975612,25
19:38:28,1.77 1.66 1.68,975612,25
19:38:30,1.77 1.66 1.68,975360,25
19:38:31,1.77 1.66 1.68,975968,25
19:38:32,1.78 1.67 1.69,975864,25
19:38:33,1.78 1.67 1.69,975820,25
19:38:34,1.78 1.67 1.69,976116,25
19:38:35,1.78 1.67 1.69,975864,25
19:38:36,1.72 1.66 1.68,976072,25
19:38:37,1.72 1.66 1.68,976976,25
19:38:38,1.72 1.66 1.68,976220,25
19:38:39,1.72 1.66 1.68,977080,25
19:38:40,1.72 1.66 1.68,976576,25
19:38:41,1.66 1.65 1.68,976576,25
19:38:42,1.66 1.65 1.68,976724,25
19:38:43,1.66 1.65 1.68,977124,25
19:38:45,1.66 1.65 1.68,976504,25
19:38:46,1.66 1.65 1.68,976652,25
19:38:47,1.93 1.70 1.70,976164,25
19:38:48,1.93 1.70 1.70,976756,25
19:38:49,1.93 1.70 1.70,976356,25
19:38:50,1.93 1.70 1.70,976504,25
19:38:51,1.86 1.69 1.69,976252,25
19:38:52,1.86 1.69 1.69,977156,25
19:38:53,1.86 1.69 1.69,977260,25
19:38:54,1.86 1.69 1.69,977112,25
19:38:55,1.86 1.69 1.69,976860,25
19:38:56,1.79 1.68 1.69,976356,25
19:38:57,1.79 1.68 1.69,976504,25
19:38:59,1.79 1.68 1.69,976400,25
19:39:00,1.79 1.68 1.69,976400,25
19:39:01,1.79 1.68 1.69,976504,25
19:39:02,1.80 1.68 1.69,976400,25
19:39:03,1.80 1.68 1.69,976252,25
19:39:04,1.80 1.68 1.69,976356,25
19:39:05,1.80 1.68 1.69,976252,25
19:39:06,1.82 1.69 1.69,976652,25
19:39:07,1.82 1.69 1.69,977156,25
19:39:08,1.82 1.69 1.69,976756,25
19:39:09,1.82 1.69 1.69,976652,25
19:39:10,1.82 1.69 1.69,976756,25
19:39:11,1.83 1.70 1.69,976904,25
19:39:12,1.83 1.70 1.69,976400,25
19:39:14,1.83 1.70 1.69,976904,25
19:39:15,1.83 1.70 1.69,976904,25
19:39:16,1.83 1.70 1.69,976608,25
19:39:17,1.85 1.70 1.70,976756,25
19:39:18,1.85 1.70 1.70,976904,25
19:39:19,1.85 1.70 1.70,977112,25
19:39:20,1.85 1.70 1.70,976904,25
19:39:21,1.86 1.71 1.70,976860,25
19:39:22,1.86 1.71 1.70,977156,25
19:39:23,1.86 1.71 1.70,977156,25
19:39:24,1.86 1.71 1.70,977260,25
19:39:25,1.86 1.71 1.70,976860,25
19:39:26,1.87 1.71 1.70,977008,25
19:39:28,1.87 1.71 1.70,977156,25
19:39:29,1.87 1.71 1.70,977008,25
19:39:30,1.87 1.71 1.70,976652,25
19:39:31,1.96 1.73 1.71,976504,25
19:39:32,1.96 1.73 1.71,976652,25
19:39:33,1.96 1.73 1.71,977260,25
19:39:34,1.96 1.73 1.71,976904,25
19:39:35,1.96 1.73 1.71,976756,25
19:39:36,1.97 1.74 1.71,976756,25
19:39:37,1.97 1.74 1.71,977008,25
19:39:38,1.97 1.74 1.71,976148,25
19:39:39,1.97 1.74 1.71,976252,25
19:39:40,1.97 1.74 1.71,977156,25
19:39:41,1.97 1.74 1.71,976756,25
19:39:43,1.97 1.74 1.71,977008,25
19:39:44,1.97 1.74 1.71,977188,25
19:39:45,1.97 1.74 1.71,977440,25
19:39:46,1.97 1.75 1.71,976996,25
19:39:47,1.97 1.75 1.71,977188,25
19:39:48,1.97 1.75 1.71,976640,25
19:39:49,1.97 1.75 1.71,976180,25
19:39:50,1.97 1.75 1.71,977144,25
19:39:51,1.89 1.73 1.71,976432,25
19:39:52,1.89 1.73 1.71,975928,25
19:39:53,1.89 1.73 1.71,976996,25
19:39:54,1.89 1.73 1.71,977040,25
19:39:55,1.89 1.73 1.71,977144,25
19:39:57,1.82 1.72 1.71,976432,25
19:39:58,1.82 1.72 1.71,976936,25
19:39:59,1.82 1.72 1.71,977144,25
19:40:00,1.82 1.72 1.71,976936,25
19:40:01,1.76 1.71 1.70,977440,25
19:40:02,1.76 1.71 1.70,977544,25
19:40:03,1.76 1.71 1.70,977544,25
19:40:04,1.76 1.71 1.70,977040,25
19:40:05,1.76 1.71 1.70,977144,25
19:40:06,1.70 1.70 1.70,976892,25
19:40:07,1.70 1.70 1.70,976788,25
19:40:08,1.70 1.70 1.70,976936,25
19:40:09,1.70 1.70 1.70,977440,25
19:40:11,1.70 1.70 1.70,976892,25
19:40:12,1.64 1.69 1.69,977440,25
19:40:13,1.64 1.69 1.69,977692,25
19:40:14,1.64 1.69 1.69,977100,25
19:40:15,1.64 1.69 1.69,977648,25
19:40:16,1.59 1.67 1.69,977440,25
19:40:17,1.59 1.67 1.69,977292,25
19:40:18,1.59 1.67 1.69,977440,25
19:40:19,1.59 1.67 1.69,977500,25
19:40:20,1.59 1.67 1.69,977692,25
19:40:21,1.54 1.66 1.69,977648,25
19:40:22,1.54 1.66 1.69,978004,25
19:40:23,1.54 1.66 1.69,977396,25
19:40:24,1.54 1.66 1.69,977188,25
19:40:26,1.54 1.66 1.69,977544,25
19:40:27,1.58 1.67 1.69,977188,25
19:40:28,1.58 1.67 1.69,977188,25
19:40:29,1.58 1.67 1.69,977144,25
19:40:30,1.58 1.67 1.69,977440,25
19:40:31,1.61 1.67 1.69,976936,25
19:40:32,1.61 1.67 1.69,977440,25
19:40:33,1.61 1.67 1.69,977040,25
19:40:34,1.61 1.67 1.69,977040,25
19:40:35,1.61 1.67 1.69,976432,25
19:40:36,1.64 1.68 1.69,976936,25
19:40:37,1.64 1.68 1.69,977292,25
19:40:38,1.64 1.68 1.69,977440,25
19:40:40,1.64 1.68 1.69,977944,25
19:40:41,1.64 1.68 1.69,977648,25
19:40:42,1.75 1.70 1.70,976788,25
19:40:43,1.75 1.70 1.70,977188,25
19:40:44,1.75 1.70 1.70,977012,25
19:40:45,1.75 1.70 1.70,976936,25
19:40:46,1.85 1.72 1.71,976684,25
19:40:47,1.85 1.72 1.71,977040,25
19:40:48,1.85 1.72 1.71,977396,25
19:40:49,1.85 1.72 1.71,977204,25
19:40:50,1.85 1.72 1.71,977040,25
19:40:51,1.86 1.73 1.71,977040,25
19:40:52,1.86 1.73 1.71,976432,25
19:40:53,1.86 1.73 1.71,976432,25
19:40:55,1.86 1.73 1.71,976284,25
19:40:56,1.86 1.73 1.71,976432,25
19:40:57,1.88 1.73 1.71,977188,25
19:40:58,1.88 1.73 1.71,977796,25
19:40:59,1.88 1.73 1.71,977656,25
19:41:00,1.88 1.73 1.71,976544,25
19:41:01,1.89 1.74 1.71,976692,25
19:41:02,1.89 1.74 1.71,977360,25
19:41:03,1.89 1.74 1.71,976796,25
19:41:04,1.89 1.74 1.71,978160,25
19:41:05,1.89 1.74 1.71,978056,25
19:41:06,1.81 1.73 1.71,977568,25
19:41:07,1.81 1.73 1.71,977448,25
19:41:09,1.81 1.73 1.71,976944,25
19:41:10,1.81 1.73 1.71,977552,25
19:41:11,1.81 1.73 1.71,977700,25
19:41:12,1.75 1.71 1.70,976692,25
19:41:13,1.75 1.71 1.70,977552,25
19:41:14,1.75 1.71 1.70,977656,25
19:41:15,1.75 1.71 1.70,977552,25
19:41:16,1.69 1.70 1.70,977404,25
19:41:17,1.69 1.70 1.70,977952,25
19:41:18,1.69 1.70 1.70,977196,25
19:41:19,1.69 1.70 1.70,976944,25
19:41:20,1.69 1.70 1.70,977196,25
19:41:21,1.63 1.69 1.70,977048,25
19:41:22,1.63 1.69 1.70,977048,25
19:41:24,1.63 1.69 1.70,977448,25
19:41:25,1.63 1.69 1.70,976944,25
19:41:26,1.63 1.69 1.70,977196,25
19:41:27,1.66 1.70 1.70,977360,25
19:41:28,1.66 1.70 1.70,977152,25
19:41:29,1.66 1.70 1.70,977700,25
19:41:30,1.66 1.70 1.70,977300,25
19:41:31,1.69 1.70 1.70,977360,25
19:41:32,1.69 1.70 1.70,977300,25
19:41:33,1.69 1.70 1.70,977700,25
19:41:34,1.69 1.70 1.70,977552,25
19:41:35,1.69 1.70 1.70,977464,25
19:41:36,1.64 1.69 1.70,977448,25
19:41:38,1.64 1.69 1.70,977404,25
19:41:39,1.64 1.69 1.70,977048,25
19:41:40,1.64 1.69 1.70,976944,25
19:41:41,1.64 1.69 1.70,976900,25
19:41:42,1.82 1.73 1.71,977804,25
19:41:43,1.82 1.73 1.71,977700,25
19:41:44,1.82 1.73 1.71,977968,25
19:41:45,1.82 1.73 1.71,977700,25
19:41:46,1.84 1.73 1.71,977404,25
19:41:47,1.84 1.73 1.71,978308,25
19:41:48,1.84 1.73 1.71,977952,25
19:41:49,1.84 1.73 1.71,977300,25
19:41:50,1.84 1.73 1.71,978012,25
19:41:51,1.85 1.74 1.71,977700,25
19:41:53,1.85 1.74 1.71,977804,25
19:41:54,1.85 1.74 1.71,977952,25
19:41:55,1.85 1.74 1.71,977700,25
19:41:56,1.85 1.74 1.71,977804,25
19:41:57,1.94 1.76 1.72,977552,25
19:41:58,1.94 1.76 1.72,977908,25
19:41:59,1.94 1.76 1.72,977952,25
19:42:00,1.94 1.76 1.72,977952,25
19:42:01,1.95 1.76 1.72,978012,25
19:42:02,1.95 1.76 1.72,977804,25
19:42:03,1.95 1.76 1.72,977448,25
19:42:04,1.95 1.76 1.72,977508,25
19:42:05,1.95 1.76 1.72,977700,25
19:42:07,1.95 1.77 1.72,977048,25
19:42:08,1.95 1.77 1.72,977152,25
19:42:09,1.95 1.77 1.72,977448,25
19:42:10,1.95 1.77 1.72,977700,25
19:42:11,1.95 1.77 1.72,978056,25
19:42:12,2.12 1.80 1.74,977952,25
19:42:13,2.12 1.80 1.74,978056,25
19:42:14,2.12 1.80 1.74,977716,25
19:42:15,2.12 1.80 1.74,978012,25
19:42:16,2.11 1.81 1.74,977552,25
19:42:17,2.11 1.81 1.74,977700,25
19:42:18,2.11 1.81 1.74,977360,25
19:42:19,2.11 1.81 1.74,977700,25
19:42:20,2.11 1.81 1.74,977952,25
19:42:22,2.10 1.81 1.74,977952,25
19:42:23,2.10 1.81 1.74,977552,25
19:42:24,2.10 1.81 1.74,977552,25
19:42:25,2.10 1.81 1.74,977404,25
19:42:26,2.01 1.80 1.74,977952,25
19:42:27,2.01 1.80 1.74,977300,25
19:42:28,2.01 1.80 1.74,977196,25
19:42:29,2.01 1.80 1.74,976944,25
19:42:30,2.01 1.80 1.74,977300,25
19:42:31,1.93 1.78 1.73,977152,25
19:42:32,1.93 1.78 1.73,977448,25
19:42:33,1.93 1.78 1.73,976944,25
19:42:34,1.93 1.78 1.73,976796,25
19:42:36,1.93 1.78 1.73,977048,25
19:42:37,1.85 1.77 1.73,977300,25
19:42:38,1.85 1.77 1.73,977448,25
19:42:39,1.85 1.77 1.73,976944,25
19:42:40,1.85 1.77 1.73,977448,25
19:42:41,1.79 1.76 1.72,977212,25
19:42:42,1.79 1.76 1.72,977700,25
19:42:43,1.79 1.76 1.72,977448,25
19:42:44,1.79 1.76 1.72,977952,25
19:42:45,1.79 1.76 1.72,976796,25
19:42:46,1.72 1.74 1.72,977048,25
19:42:47,1.72 1.74 1.72,977196,25
19:42:48,1.72 1.74 1.72,977048,25
19:42:49,1.72 1.74 1.72,977952,25
19:42:51,1.72 1.74 1.72,977448,25
19:42:52,1.66 1.73 1.72,977804,25
19:42:53,1.66 1.73 1.72,977804,25
19:42:54,1.66 1.73 1.72,977700,25
19:42:55,1.66 1.73 1.72,977300,25
19:42:56,1.61 1.72 1.71,977300,25
19:42:57,1.61 1.72 1.71,977804,25
19:42:58,1.61 1.72 1.71,977700,25
19:42:59,1.61 1.72 1.71,977804,25
19:43:00,1.61 1.72 1.71,977908,25
19:43:01,1.56 1.71 1.71,977508,25
19:43:02,1.56 1.71 1.71,977700,25
19:43:03,1.56 1.71 1.71,977700,25
19:43:04,1.56 1.71 1.71,977552,25
19:43:06,1.56 1.71 1.71,976944,25
19:43:07,1.60 1.71 1.71,977448,25
19:43:08,1.60 1.71 1.71,977700,25
19:43:09,1.60 1.71 1.71,977804,25
19:43:10,1.60 1.71 1.71,977804,25
19:43:11,1.63 1.72 1.71,977700,25
19:43:12,1.63 1.72 1.71,978264,25
19:43:13,1.63 1.72 1.71,977656,25
19:43:14,1.63 1.72 1.71,977700,25
19:43:15,1.63 1.72 1.71,977448,25
19:43:16,1.74 1.74 1.72,977152,25
19:43:17,1.74 1.74 1.72,977448,25
19:43:18,1.74 1.74 1.72,977952,25
19:43:20,1.74 1.74 1.72,978056,25
19:43:21,1.74 1.74 1.72,977196,25
19:43:22,1.84 1.76 1.73,977196,25
19:43:23,1.84 1.76 1.73,977196,25
19:43:24,1.84 1.76 1.73,977448,25
19:43:25,1.84 1.76 1.73,977300,25
19:43:26,1.85 1.76 1.73,976900,25
19:43:27,1.85 1.76 1.73,977152,25
19:43:28,1.85 1.76 1.73,977300,25
19:43:29,1.85 1.76 1.73,977300,25
19:43:30,1.85 1.76 1.73,977196,25
19:43:31,1.87 1.77 1.73,977448,25
19:43:32,1.87 1.77 1.73,977152,25
19:43:34,1.87 1.77 1.73,976796,25
19:43:35,1.87 1.77 1.73,977196,25
19:43:36,1.87 1.77 1.73,977440,25
19:43:37,1.88 1.77 1.73,977440,25
19:43:38,1.88 1.77 1.73,976936,25
19:43:39,1.88 1.77 1.73,977188,25
19:43:40,1.88 1.77 1.73,976432,25
19:43:41,1.89 1.78 1.73,977440,25
19:43:42,1.89 1.78 1.73,977544,25
19:43:43,1.89 1.78 1.73,977440,25
19:43:44,1.89 1.78 1.73,978048,25
19:43:45,1.89 1.78 1.73,977188,25
19:43:46,1.90 1.78 1.73,977544,25
19:43:47,1.90 1.78 1.73,977292,25
19:43:49,1.90 1.78 1.73,976684,25
19:43:50,1.90 1.78 1.73,976788,25
19:43:51,1.90 1.78 1.73,977544,25
19:43:52,1.82 1.77 1.73,977692,25
19:43:53,1.82 1.77 1.73,977692,25
19:43:54,1.82 1.77 1.73,977500,25
19:43:55,1.82 1.77 1.73,977544,25
19:43:56,1.76 1.75 1.72,977544,25
19:43:57,1.76 1.75 1.72,977944,25
19:43:58,1.76 1.75 1.72,977440,25
19:43:59,1.76 1.75 1.72,977544,25
19:44:00,1.76 1.75 1.72,977188,25
19:44:01,1.70 1.74 1.72,977692,25
19:44:03,1.70 1.74 1.72,976936,25
19:44:04,1.70 1.74 1.72,977292,25
19:44:05,1.70 1.74 1.72,977292,25
19:44:06,1.70 1.74 1.72,977396,25
19:44:07,1.64 1.73 1.72,977188,25
19:44:08,1.64 1.73 1.72,977796,25
19:44:09,1.64 1.73 1.72,977544,25
19:44:10,1.64 1.73 1.72,977500,25
19:44:11,1.59 1.72 1.71,978196,25
19:44:12,1.59 1.72 1.71,977796,25
19:44:13,1.59 1.72 1.71,977692,25
19:44:14,1.59 1.72 1.71,977796,25
19:44:15,1.59 1.72 1.71,977692,25
19:44:16,1.62 1.72 1.72,977796,25
19:44:18,1.62 1.72 1.72,978196,25
19:44:19,1.62 1.72 1.72,977796,25
19:44:20,1.62 1.72 1.72,978048,25
19:44:21,1.62 1.72 1.72,978048,25
19:44:22,1.57 1.71 1.71,978196,25
19:44:23,1.57 1.71 1.71,977796,25
19:44:24,1.57 1.71 1.71,977944,25
19:44:25,1.57 1.71 1.71,978048,25
19:44:26,1.61 1.71 1.71,978300,25
19:44:27,1.61 1.71 1.71,978404,25
19:44:28,1.61 1.71 1.71,978048,25
19:44:29,1.61 1.71 1.71,978048,25
19:44:30,1.61 1.71 1.71,977944,25
19:44:32,1.64 1.72 1.72,977944,25
19:44:33,1.64 1.72 1.72,977692,25
19:44:34,1.64 1.72 1.72,977352,25
19:44:35,1.64 1.72 1.72,978048,25
19:44:36,1.64 1.72 1.72,977292,25
19:44:37,1.67 1.72 1.72,977160,25
19:44:38,1.67 1.72 1.72,977768,25
19:44:39,1.67 1.72 1.72,977292,25
19:44:40,1.67 1.72 1.72,977440,25
19:44:41,1.69 1.73 1.72,977544,25
19:44:42,1.69 1.73 1.72,977692,25
19:44:43,1.69 1.73 1.72,977796,25
19:44:44,1.69 1.73 1.72,977944,25
19:44:45,1.69 1.73 1.72,978448,25
19:44:47,1.80 1.75 1.73,977944,25
19:44:48,1.80 1.75 1.73,977796,25
19:44:49,1.80 1.75 1.73,977188,25
19:44:50,1.80 1.75 1.73,977248,25
19:44:51,1.80 1.75 1.73,977440,25
19:44:52,1.82 1.75 1.73,978048,25
19:44:53,1.82 1.75 1.73,977944,25
19:44:54,1.82 1.75 1.73,978152,25
19:44:55,1.82 1.75 1.73,977944,25
19:44:56,1.83 1.76 1.73,978152,25
19:44:57,1.83 1.76 1.73,977900,25
19:44:58,1.83 1.76 1.73,977516,25
19:44:59,1.83 1.76 1.73,977188,25
19:45:01,1.83 1.76 1.73,977440,25
19:45:02,1.84 1.76 1.73,978048,25
19:45:03,1.84 1.76 1.73,977796,25
19:45:04,1.84 1.76 1.73,977692,25
19:45:05,1.84 1.76 1.73,977648,25
19:45:06,1.84 1.76 1.73,977692,25
19:45:07,2.10 1.82 1.75,977440,25
19:45:08,2.10 1.82 1.75,977188,25
19:45:09,2.10 1.82 1.75,978048,25
19:45:10,2.10 1.82 1.75,978168,25
19:45:11,2.09 1.82 1.75,977944,25
19:45:12,2.09 1.82 1.75,977544,25
19:45:13,2.09 1.82 1.75,977944,25
19:45:14,2.09 1.82 1.75,977440,25
19:45:16,2.09 1.82 1.75,977692,25
19:45:17,2.00 1.81 1.75,978196,25
19:45:18,2.00 1.81 1.75,977692,25
19:45:19,2.00 1.81 1.75,977796,25
19:45:20,2.00 1.81 1.75,978152,25
19:45:21,2.00 1.81 1.75,977944,25
19:45:22,2.00 1.81 1.75,977692,25
19:45:23,2.00 1.81 1.75,977692,25
19:45:24,2.00 1.81 1.75,977944,25
19:45:25,2.00 1.81 1.75,977188,25
19:45:26,1.92 1.80 1.74,977292,25
19:45:27,1.92 1.80 1.74,977944,25
19:45:28,1.92 1.80 1.74,977544,25
19:45:30,1.92 1.80 1.74,977292,25
19:45:31,1.92 1.80 1.74,977692,25
19:45:32,1.85 1.78 1.74,977648,25
19:45:33,1.85 1.78 1.74,977944,25
19:45:34,1.85 1.78 1.74,977692,25
19:45:35,1.85 1.78 1.74,977796,25
19:45:36,1.85 1.78 1.74,977544,25
19:45:37,1.86 1.79 1.74,977440,25
19:45:38,1.86 1.79 1.74,977440,25
19:45:39,1.86 1.79 1.74,977692,25
19:45:40,1.86 1.79 1.74,977544,25
19:45:41,1.79 1.77 1.74,977796,25
19:45:42,1.79 1.77 1.74,977544,25
19:45:43,1.79 1.77 1.74,978048,25
19:45:45,1.79 1.77 1.74,977292,25
19:45:46,1.79 1.77 1.74,977396,25
19:45:47,1.89 1.79 1.74,977188,25
19:45:48,1.89 1.79 1.74,976684,25
19:45:49,1.89 1.79 1.74,976180,25
19:45:50,1.89 1.79 1.74,976684,25
19:45:51,1.90 1.80 1.74,977188,25
19:45:52,1.90 1.80 1.74,977440,25
19:45:53,1.90 1.80 1.74,977324,25
19:45:54,1.90 1.80 1.74,977724,25
19:45:55,1.90 1.80 1.74,978080,25
19:45:56,1.91 1.80 1.75,977576,25
19:45:57,1.91 1.80 1.75,977680,25
19:45:59,1.91 1.80 1.75,977724,25
19:46:00,1.91 1.80 1.75,977472,25
19:46:01,1.91 1.80 1.75,977472,25
19:46:02,1.99 1.82 1.75,977220,25
19:46:03,1.99 1.82 1.75,976968,25
19:46:04,1.99 1.82 1.75,977072,25
19:46:05,1.99 1.82 1.75,977724,25
19:46:06,1.99 1.82 1.75,978228,25
19:46:07,1.99 1.82 1.75,977576,25
19:46:08,1.99 1.82 1.75,977828,25
19:46:09,1.99 1.82 1.75,978036,25
19:46:10,1.99 1.82 1.75,977488,25
19:46:11,2.07 1.84 1.76,977220,25
19:46:12,2.07 1.84 1.76,977472,25
19:46:14,2.07 1.84 1.76,977072,25
19:46:15,2.07 1.84 1.76,977428,25
19:46:16,2.07 1.84 1.76,977976,25
19:46:17,2.07 1.85 1.76,977976,25
19:46:18,2.07 1.85 1.76,977028,25
19:46:19,2.07 1.85 1.76,977472,25
19:46:20,2.07 1.85 1.76,977976,25
19:46:21,2.06 1.85 1.76,977828,25
19:46:22,2.06 1.85 1.76,978228,25
19:46:23,2.06 1.85 1.76,977724,25
19:46:24,2.06 1.85 1.76,977724,25
19:46:25,2.06 1.85 1.76,977932,25
19:46:26,1.98 1.84 1.76,977828,25
19:46:28,1.98 1.84 1.76,978080,25
19:46:29,1.98 1.84 1.76,977472,25
19:46:30,1.98 1.84 1.76,977324,25
19:46:31,1.98 1.84 1.76,977472,25
19:46:32,1.98 1.84 1.76,977932,25
19:46:33,1.98 1.84 1.76,977828,25
19:46:34,1.98 1.84 1.76,977976,25
19:46:35,1.98 1.84 1.76,977932,25
19:46:36,1.90 1.82 1.76,977324,25
19:46:37,1.90 1.82 1.76,978228,25
19:46:38,1.90 1.82 1.76,977976,25
19:46:39,1.90 1.82 1.76,978480,25
19:46:40,1.90 1.82 1.76,977932,25
19:46:41,1.83 1.81 1.75,977724,25
19:46:43,1.83 1.81 1.75,977976,25
19:46:44,1.83 1.81 1.75,977976,25
19:46:45,1.83 1.81 1.75,977976,25
19:46:46,1.83 1.81 1.75,978436,25
19:46:47,1.76 1.80 1.75,978480,25
19:46:48,1.76 1.80 1.75,977932,25
19:46:49,1.76 1.80 1.75,977976,25
19:46:50,1.76 1.80 1.75,978096,25
19:46:51,1.70 1.78 1.74,978584,25
19:46:52,1.70 1.78 1.74,978688,25
19:46:53,1.70 1.78 1.74,978984,25
19:46:54,1.70 1.78 1.74,977828,25
19:46:55,1.70 1.78 1.74,978228,25
19:46:56,1.64 1.77 1.74,977976,25
19:46:58,1.64 1.77 1.74,977828,25
19:46:59,1.64 1.77 1.74,977724,25
19:47:00,1.64 1.77 1.74,977680,25
19:47:01,1.64 1.77 1.74,978480,25
19:47:02,1.59 1.76 1.73,978584,25
19:47:03,1.59 1.76 1.73,978584,25
19:47:04,1.59 1.76 1.73,977828,25
19:47:05,1.59 1.76 1.73,978080,25
19:47:06,1.63 1.76 1.74,978228,25
19:47:07,1.63 1.76 1.74,978332,25
19:47:08,1.63 1.76 1.74,978480,25
19:47:09,1.63 1.76 1.74,978332,25
19:47:10,1.63 1.76 1.74,978228,25
19:47:12,1.66 1.77 1.74,978228,25
19:47:13,1.66 1.77 1.74,978184,25
19:47:14,1.66 1.77 1.74,977976,25
19:47:15,1.66 1.77 1.74,977724,25
19:47:16,1.66 1.77 1.74,977724,25
19:47:17,1.68 1.77 1.74,977976,25
19:47:18,1.68 1.77 1.74,978480,25
19:47:19,1.68 1.77 1.74,978436,25
19:47:20,1.68 1.77 1.74,978184,25
19:47:21,1.71 1.77 1.74,978080,25
19:47:22,1.71 1.77 1.74,978332,25
19:47:23,1.71 1.77 1.74,978332,25
19:47:24,1.71 1.77 1.74,977724,25
19:47:25,1.71 1.77 1.74,978228,25
19:47:27,1.73 1.78 1.74,977976,25
19:47:28,1.73 1.78 1.74,978228,25
19:47:29,1.73 1.78 1.74,978184,25
19:47:30,1.73 1.78 1.74,978080,25
19:47:31,1.73 1.78 1.74,977428,25
19:47:32,1.75 1.78 1.74,977976,25
19:47:33,1.75 1.78 1.74,977976,25
19:47:34,1.75 1.78 1.74,978244,25
19:47:35,1.75 1.78 1.74,978480,25
19:47:36,1.85 1.80 1.75,978732,25
19:47:37,1.85 1.80 1.75,978480,25
19:47:38,1.85 1.80 1.75,978540,25
19:47:39,1.85 1.80 1.75,978480,25
19:47:41,1.85 1.80 1.75,977976,25
19:47:42,1.87 1.81 1.75,977576,25
19:47:43,1.87 1.81 1.75,977976,25
19:47:44,1.87 1.81 1.75,978080,25
19:47:45,1.87 1.81 1.75,978080,25
19:47:46,1.87 1.81 1.75,978688,25
19:47:47,1.80 1.79 1.75,978228,25
19:47:48,1.80 1.79 1.75,978584,25
19:47:49,1.80 1.79 1.75,979236,25
19:47:50,1.80 1.79 1.75,977932,25
19:47:51,1.73 1.78 1.74,978184,25
19:47:52,1.73 1.78 1.74,978332,25
19:47:53,1.73 1.78 1.74,978228,25
19:47:54,1.73 1.78 1.74,978228,25
19:47:56,1.73 1.78 1.74,978584,25
19:47:57,1.67 1.77 1.74,978732,25
19:47:58,1.67 1.77 1.74,978332,25
19:47:59,1.67 1.77 1.74,978228,25
19:48:00,1.67 1.77 1.74,977784,25
19:48:01,1.67 1.77 1.74,977724,25
19:48:02,1.62 1.75 1.73,978184,25
19:48:03,1.62 1.75 1.73,977976,25
19:48:04,1.62 1.75 1.73,977976,25
19:48:05,1.62 1.75 1.73,978584,25
19:48:06,1.57 1.74 1.73,978688,25
19:48:07,1.57 1.74 1.73,978984,25
19:48:08,1.57 1.74 1.73,978984,25
19:48:10,1.57 1.74 1.73,978332,25
19:48:11,1.57 1.74 1.73,977976,25
19:48:12,1.60 1.74 1.73,978480,25
19:48:13,1.60 1.74 1.73,978228,25
19:48:14,1.60 1.74 1.73,978228,25
19:48:15,1.60 1.74 1.73,978332,25
19:48:16,1.60 1.74 1.73,977576,25
19:48:17,1.56 1.73 1.73,978480,25
19:48:18,1.56 1.73 1.73,978228,25
19:48:19,1.56 1.73 1.73,978228,25
19:48:20,1.56 1.73 1.73,978584,25
19:48:21,1.51 1.72 1.72,978584,25
19:48:22,1.51 1.72 1.72,978732,25
19:48:23,1.51 1.72 1.72,978984,25
19:48:25,1.51 1.72 1.72,978836,25
19:48:26,1.51 1.72 1.72,978732,25
19:48:27,1.55 1.72 1.72,978836,25
19:48:28,1.55 1.72 1.72,979044,25
19:48:29,1.55 1.72 1.72,979340,25
19:48:30,1.55 1.72 1.72,978940,25
19:48:31,1.55 1.72 1.72,979192,25
19:48:32,1.91 1.79 1.75,978732,25
19:48:33,1.91 1.79 1.75,978392,25
19:48:34,1.91 1.79 1.75,978436,25
19:48:35,1.91 1.79 1.75,978080,25
19:48:36,1.91 1.80 1.75,978228,25
19:48:37,1.91 1.80 1.75,977976,25
19:48:39,1.91 1.80 1.75,978584,25
19:48:40,1.91 1.80 1.75,977976,25
19:48:41,1.91 1.80 1.75,978480,25
19:48:42,1.92 1.80 1.75,978940,25
19:48:43,1.92 1.80 1.75,978436,25
19:48:44,1.92 1.80 1.75,978584,25
19:48:45,1.92 1.80 1.75,978332,25
19:48:46,1.92 1.80 1.75,978436,25
19:48:47,2.25 1.87 1.77,978584,25
19:48:48,2.25 1.87 1.77,978332,25
19:48:49,2.25 1.87 1.77,978688,25
19:48:50,2.25 1.87 1.77,979236,25
19:48:51,2.23 1.87 1.78,978984,25
19:48:52,2.23 1.87 1.78,978480,25
19:48:54,2.23 1.87 1.78,978332,25
19:48:55,2.23 1.87 1.78,978480,25
19:48:56,2.23 1.87 1.78,978836,25
19:48:57,2.21 1.88 1.78,978984,25
19:48:58,2.21 1.88 1.78,978836,25
19:48:59,2.21 1.88 1.78,978836,25
19:49:00,2.21 1.88 1.78,978836,25
19:49:01,2.21 1.88 1.78,978836,25
19:49:02,2.27 1.90 1.78,979236,25
19:49:03,2.27 1.90 1.78,979088,25
19:49:04,2.27 1.90 1.78,979088,25
19:49:05,2.27 1.90 1.78,978940,25
19:49:06,2.17 1.88 1.78,978332,25
19:49:08,2.17 1.88 1.78,979088,25
19:49:09,2.17 1.88 1.78,978984,25
19:49:10,2.17 1.88 1.78,978480,25
19:49:11,2.17 1.88 1.78,978140,25
19:49:12,2.08 1.87 1.77,977976,25
19:49:13,2.08 1.87 1.77,978480,25
19:49:14,2.08 1.87 1.77,978836,25
19:49:15,2.08 1.87 1.77,978332,25
19:49:16,1.99 1.85 1.77,978732,25
19:49:17,1.99 1.85 1.77,978732,25
19:49:18,1.99 1.85 1.77,978732,25
19:49:19,1.99 1.85 1.77,979088,25
19:49:20,1.99 1.85 1.77,979088,25
19:49:22,1.91 1.84 1.77,979192,25
19:49:23,1.91 1.84 1.77,978836,25
19:49:24,1.91 1.84 1.77,978732,25
19:49:25,1.91 1.84 1.77,979192,25
19:49:26,1.91 1.84 1.77,979236,25
19:49:27,1.84 1.82 1.76,979192,25
19:49:28,1.84 1.82 1.76,979192,25
19:49:29,1.84 1.82 1.76,979488,25
19:49:30,1.84 1.82 1.76,979444,25
19:49:31,1.77 1.81 1.76,979340,25
19:49:32,1.77 1.81 1.76,979088,25
19:49:33,1.77 1.81 1.76,979340,25
19:49:34,1.77 1.81 1.76,978984,25
19:49:35,1.77 1.81 1.76,979088,25
19:49:37,1.71 1.80 1.75,979400,25
19:49:38,1.71 1.80 1.75,979340,25
19:49:39,1.71 1.80 1.75,979844,25
19:49:40,1.71 1.80 1.75,980200,25
19:49:41,1.71 1.80 1.75,980096,25
19:49:42,1.73 1.80 1.75,979844,25
19:49:43,1.73 1.80 1.75,979296,25
19:49:44,1.73 1.80 1.75,979696,25
19:49:45,1.73 1.80 1.75,979340,25
19:49:46,1.75 1.80 1.76,979088,25
19:49:47,1.75 1.80 1.76,978584,25
19:49:48,1.75 1.80 1.76,979296,25
19:49:49,1.75 1.80 1.76,979236,25
19:49:51,1.75 1.80 1.76,978228,25
19:49:52,1.77 1.81 1.76,978228,25
19:49:53,1.77 1.81 1.76,978480,25
19:49:54,1.77 1.81 1.76,978984,25
19:49:55,1.77 1.81 1.76,979044,25
19:49:56,1.77 1.81 1.76,978732,25
19:49:57,1.87 1.83 1.76,978836,25
19:49:58,1.87 1.83 1.76,978836,25
19:49:59,1.87 1.83 1.76,978480,25
19:50:00,1.87 1.83 1.76,977976,25
19:50:01,1.96 1.85 1.77,978228,25
19:50:02,1.96 1.85 1.77,978540,25
19:50:03,1.96 1.85 1.77,978984,25
19:50:04,1.96 1.85 1.77,978480,25
19:50:06,1.96 1.85 1.77,977976,25
19:50:07,1.97 1.85 1.77,978228,25
19:50:08,1.97 1.85 1.77,978732,25
19:50:09,1.97 1.85 1.77,978732,25
19:50:10,1.97 1.85 1.77,979340,25
19:50:11,1.97 1.85 1.77,979236,25
19:50:12,1.97 1.85 1.77,979044,25
19:50:13,1.97 1.85 1.77,979060,25
19:50:14,1.97 1.85 1.77,979236,25
19:50:15,1.97 1.85 1.77,979088,25
19:50:16,1.97 1.85 1.78,979844,25
19:50:17,1.97 1.85 1.78,979236,25
19:50:18,1.97 1.85 1.78,979236,25
19:50:20,1.97 1.85 1.78,979192,25
19:50:21,1.97 1.85 1.78,979592,25
19:50:22,1.97 1.86 1.78,979444,25
19:50:23,1.97 1.86 1.78,979740,25
19:50:24,1.97 1.86 1.78,979548,25
19:50:25,1.97 1.86 1.78,979592,25
19:50:26,1.97 1.86 1.78,979696,25
19:50:27,1.90 1.84 1.77,979696,25
19:50:28,1.90 1.84 1.77,978984,25
19:50:29,1.90 1.84 1.77,979236,25
19:50:30,1.90 1.84 1.77,979948,25
19:50:31,1.90 1.84 1.77,979488,25
19:50:32,1.90 1.84 1.77,979488,25
19:50:33,1.90 1.84 1.77,979488,25
19:50:35,1.90 1.84 1.77,979236,25
19:50:36,1.90 1.84 1.77,979740,25
19:50:37,1.83 1.83 1.77,979992,25
19:50:38,1.83 1.83 1.77,979844,25
19:50:39,1.83 1.83 1.77,979696,25
19:50:40,1.83 1.83 1.77,979844,25
19:50:41,1.83 1.83 1.77,979992,25
19:50:42,1.77 1.82 1.77,978732,25
19:50:43,1.77 1.82 1.77,978080,25
19:50:44,1.77 1.82 1.77,978540,25
19:50:45,1.77 1.82 1.77,978732,25
19:50:46,1.70 1.80 1.76,978984,25
19:50:47,1.70 1.80 1.76,979088,25
19:50:49,1.70 1.80 1.76,979444,25
19:50:50,1.70 1.80 1.76,979340,25
19:50:51,1.70 1.80 1.76,979236,25
19:50:52,1.65 1.79 1.76,979696,25
19:50:53,1.65 1.79 1.76,979488,25
19:50:54,1.65 1.79 1.76,979236,25
19:50:55,1.65 1.79 1.76,979236,25
19:50:56,1.65 1.79 1.76,979548,25
19:50:57,1.59 1.78 1.75,979236,25
19:50:58,1.59 1.78 1.75,978984,25
19:50:59,1.59 1.78 1.75,978984,25
19:51:00,1.59 1.78 1.75,979148,25
19:51:01,1.55 1.76 1.75,978732,25
19:51:02,1.55 1.76 1.75,979236,25
19:51:04,1.55 1.76 1.75,979340,25
19:51:05,1.55 1.76 1.75,979340,25
19:51:06,1.55 1.76 1.75,978732,25
19:51:07,1.58 1.77 1.75,979148,25
19:51:08,1.58 1.77 1.75,978984,25
19:51:09,1.58 1.77 1.75,979088,25
19:51:10,1.58 1.77 1.75,979844,25
19:51:11,1.58 1.77 1.75,979992,25
19:51:12,1.62 1.77 1.75,979740,25
19:51:13,1.62 1.77 1.75,979592,25
19:51:14,1.62 1.77 1.75,979044,25
19:51:15,1.62 1.77 1.75,979088,25
19:51:16,1.65 1.77 1.75,979504,25
19:51:18,1.65 1.77 1.75,979444,25
19:51:19,1.65 1.77 1.75,978836,25
19:51:20,1.65 1.77 1.75,979088,25
19:51:21,1.65 1.77 1.75,979192,25
19:51:22,1.76 1.80 1.76,979236,25
19:51:23,1.76 1.80 1.76,978688,25
19:51:24,1.76 1.80 1.76,978732,25
19:51:25,1.76 1.80 1.76,978332,25
19:51:26,1.76 1.80 1.76,978584,25
19:51:27,1.78 1.80 1.76,978984,25
19:51:28,1.78 1.80 1.76,978480,25
19:51:29,1.78 1.80 1.76,978480,25
19:51:30,1.78 1.80 1.76,978984,25
19:51:31,1.79 1.80 1.76,979488,25
19:51:33,1.79 1.80 1.76,979088,25
19:51:34,1.79 1.80 1.76,979236,25
19:51:35,1.79 1.80 1.76,978984,25
19:51:36,1.79 1.80 1.76,979088,25
19:51:37,1.89 1.82 1.77,979236,25
19:51:38,1.89 1.82 1.77,978732,25
19:51:39,1.89 1.82 1.77,978732,25
19:51:40,1.89 1.82 1.77,978724,25
19:51:41,1.89 1.82 1.77,978472,25
19:51:42,2.22 1.89 1.79,978828,25
19:51:43,2.22 1.89 1.79,979080,25
19:51:44,2.22 1.89 1.79,979688,25
19:51:45,2.22 1.89 1.79,979332,25
19:51:47,2.12 1.88 1.79,979332,25
19:51:48,2.12 1.88 1.79,978976,25
19:51:49,2.12 1.88 1.79,979228,25
19:51:50,2.12 1.88 1.79,979332,25
19:51:51,2.12 1.88 1.79,978828,25
19:51:52,2.03 1.86 1.78,978888,25
19:51:53,2.03 1.86 1.78,979584,25
19:51:54,2.03 1.86 1.78,979228,25
19:51:55,2.03 1.86 1.78,979288,25
19:51:56,2.03 1.86 1.78,978976,25
19:51:57,2.03 1.86 1.78,979332,25
19:51:58,2.03 1.86 1.78,979228,25
19:51:59,2.03 1.86 1.78,979228,25
19:52:00,2.03 1.86 1.78,979480,25
19:52:02,1.95 1.85 1.78,979480,25
19:52:03,1.95 1.85 1.78,980488,25
19:52:04,1.95 1.85 1.78,980088,25
19:52:05,1.95 1.85 1.78,980236,25
19:52:06,1.95 1.85 1.78,979732,25
19:52:07,1.87 1.84 1.78,979480,25
19:52:08,1.87 1.84 1.78,978472,25
19:52:09,1.87 1.84 1.78,979228,25
19:52:10,1.87 1.84 1.78,979228,25
19:52:11,1.87 1.84 1.78,979480,25
19:52:12,1.88 1.84 1.78,979332,25
19:52:13,1.88 1.84 1.78,979792,25
19:52:14,1.88 1.84 1.78,979584,25
19:52:16,1.88 1.84 1.78,980088,25
19:52:17,1.81 1.82 1.77,979584,25
19:52:18,1.81 1.82 1.77,980088,25
19:52:19,1.81 1.82 1.77,979940,25
19:52:20,1.81 1.82 1.77,979228,25
19:52:21,1.81 1.82 1.77,979688,25
19:52:22,1.83 1.83 1.77,979940,25
19:52:23,1.83 1.83 1.77,979584,25
19:52:24,1.83 1.83 1.77,979228,25
19:52:25,1.83 1.83 1.77,979228,25
19:52:26,1.84 1.83 1.78,979392,25
19:52:27,1.84 1.83 1.78,979332,25
19:52:28,1.84 1.83 1.78,979436,25
19:52:29,1.84 1.83 1.78,978976,25
19:52:31,1.84 1.83 1.78,979480,25
19:52:32,1.85 1.83 1.78,979184,25
19:52:33,1.85 1.83 1.78,979332,25
19:52:34,1.85 1.83 1.78,979584,25
19:52:35,1.85 1.83 1.78,979480,25
19:52:36,1.85 1.83 1.78,979080,25
19:52:37,1.87 1.84 1.78,979228,25
19:52:38,1.87 1.84 1.78,979228,25
19:52:39,1.87 1.84 1.78,978576,25
19:52:40,1.87 1.84 1.78,978220,25
19:52:41,1.88 1.84 1.78,978740,25
19:52:42,1.88 1.84 1.78,978976,25
19:52:43,1.88 1.84 1.78,979228,25
19:52:45,1.88 1.84 1.78,979732,25
19:52:46,1.88 1.84 1.78,980088,25
19:52:47,1.89 1.84 1.78,979480,25
19:52:48,1.89 1.84 1.78,979732,25
19:52:49,1.89 1.84 1.78,980088,25
19:52:50,1.89 1.84 1.78,979436,25
19:52:51,1.89 1.84 1.78,979984,25
19:52:52,1.90 1.85 1.78,978888,25
19:52:53,1.90 1.85 1.78,978976,25
19:52:54,1.90 1.85 1.78,978828,25
19:52:55,1.90 1.85 1.78,978472,25
19:52:56,1.90 1.85 1.78,978992,25
19:52:57,1.90 1.85 1.78,979080,25
19:52:58,1.90 1.85 1.78,978976,25
19:53:00,1.90 1.85 1.78,978724,25
19:53:01,1.90 1.85 1.78,978472,25
19:53:02,1.91 1.85 1.79,978176,25
19:53:03,1.91 1.85 1.79,978724,25
19:53:04,1.91 1.85 1.79,978724,25
19:53:05,1.91 1.85 1.79,978784,25
19:53:06,1.91 1.85 1.79,979080,25
19:53:07,1.84 1.84 1.78,979732,25
19:53:08,1.84 1.84 1.78,979480,25
19:53:09,1.84 1.84 1.78,979332,25
19:53:10,1.84 1.84 1.78,979480,25
19:53:11,1.77 1.82 1.78,978724,25
19:53:12,1.77 1.82 1.78,979228,25
19:53:14,1.77 1.82 1.78,979080,25
19:53:15,1.77 1.82 1.78,979732,25
19:53:16,1.77 1.82 1.78,979984,25
19:53:17,1.71 1.81 1.77,979436,25
19:53:18,1.71 1.81 1.77,979332,25
19:53:19,1.71 1.81 1.77,979392,25
19:53:20,1.71 1.81 1.77,978976,25
19:53:21,1.71 1.81 1.77,978724,25
19:53:22,1.65 1.80 1.77,978724,25
19:53:23,1.65 1.80 1.77,978976,25
19:53:24,1.65 1.80 1.77,979080,25
19:53:25,1.65 1.80 1.77,979584,25
19:53:26,1.60 1.78 1.76,979984,25
19:53:27,1.60 1.78 1.76,979984,25
19:53:29,1.60 1.78 1.76,979732,25
19:53:30,1.60 1.78 1.76,979480,25
19:53:31,1.60 1.78 1.76,979940,25
19:53:32,1.55 1.77 1.76,979732,25
19:53:33,1.55 1.77 1.76,979732,25
19:53:34,1.55 1.77 1.76,979332,25
19:53:35,1.55 1.77 1.76,979688,25
19:53:36,1.55 1.77 1.76,980088,25
19:53:37,1.51 1.76 1.75,979732,25
19:53:38,1.51 1.76 1.75,979584,25
19:53:39,1.51 1.76 1.75,978976,25
19:53:40,1.51 1.76 1.75,979836,25
19:53:41,1.55 1.76 1.76,979984,25
19:53:43,1.55 1.76 1.76,979480,25
19:53:44,1.55 1.76 1.76,980236,25
19:53:45,1.55 1.76 1.76,979688,25
19:53:46,1.55 1.76 1.76,979732,25
19:53:47,1.58 1.76 1.76,978976,25
19:53:48,1.58 1.76 1.76,979836,25
19:53:49,1.58 1.76 1.76,979332,25
19:53:50,1.58 1.76 1.76,979228,25
19:53:51,1.58 1.76 1.76,979584,25
19:53:52,1.62 1.77 1.76,979436,25
19:53:53,1.62 1.77 1.76,979332,25
19:53:54,1.62 1.77 1.76,978976,25
19:53:55,1.62 1.77 1.76,978976,25
19:53:56,1.65 1.77 1.76,979480,25
19:53:58,1.65 1.77 1.76,978724,25
19:53:59,1.65 1.77 1.76,979228,25
19:54:00,1.65 1.77 1.76,979288,25
19:54:01,1.65 1.77 1.76,978976,25
19:54:02,1.68 1.78 1.76,978828,25
19:54:03,1.68 1.78 1.76,978976,25
19:54:04,1.68 1.78 1.76,979348,25
19:54:05,1.68 1.78 1.76,978828,25
19:54:06,1.68 1.78 1.76,979228,25
19:54:07,1.70 1.78 1.76,978976,25
19:54:08,1.70 1.78 1.76,978828,25
19:54:09,1.70 1.78 1.76,979080,25
19:54:10,1.70 1.78 1.76,978472,25
19:54:12,1.73 1.78 1.77,979228,25
19:54:13,1.73 1.78 1.77,979984,25
19:54:14,1.73 1.78 1.77,978932,25
19:54:15,1.73 1.78 1.77,979732,25
19:54:16,1.73 1.78 1.77,979584,25
19:54:17,1.75 1.79 1.77,979540,25
19:54:18,1.75 1.79 1.77,979480,25
19:54:19,1.75 1.79 1.77,980088,25
19:54:20,1.75 1.79 1.77,979836,25
19:54:21,1.75 1.79 1.77,979096,25
19:54:22,1.77 1.79 1.77,979984,25
19:54:23,1.77 1.79 1.77,979332,25
19:54:24,1.77 1.79 1.77,978724,25
19:54:25,1.77 1.79 1.77,978472,25
19:54:27,1.71 1.78 1.76,978724,25
19:54:28,1.71 1.78 1.76,978828,25
19:54:29,1.71 1.78 1.76,979228,25
19:54:30,1.71 1.78 1.76,979140,25
19:54:31,1.71 1.78 1.76,978724,25
19:54:32,1.65 1.77 1.76,979228,25
19:54:33,1.65 1.77 1.76,979480,25
19:54:34,1.65 1.77 1.76,979332,25
19:54:35,1.65 1.77 1.76,979080,25
19:54:36,1.65 1.77 1.76,979732,25
19:54:37,1.60 1.75 1.75,979984,25
19:54:38,1.60 1.75 1.75,979984,25
19:54:39,1.60 1.75 1.75,979480,25
19:54:41,1.60 1.75 1.75,979984,25
19:54:42,1.55 1.74 1.75,980488,25
19:54:43,1.55 1.74 1.75,979732,25
19:54:44,1.55 1.74 1.75,979984,25
19:54:45,1.55 1.74 1.75,979480,25
19:54:46,1.55 1.74 1.75,979540,25
19:54:47,1.59 1.74 1.75,978976,25
19:54:48,1.59 1.74 1.75,978576,25
19:54:49,1.59 1.74 1.75,978828,25
19:54:50,1.59 1.74 1.75,978844,25
19:54:51,1.59 1.74 1.75,978976,25
19:54:52,1.62 1.75 1.75,979584,25
19:54:53,1.62 1.75 1.75,978976,25
19:54:54,1.62 1.75 1.75,979480,25
19:54:56,1.62 1.75 1.75,979480,25
19:54:57,1.57 1.74 1.75,978976,25
19:54:58,1.57 1.74 1.75,979332,25
19:54:59,1.57 1.74 1.75,978976,25
19:55:00,1.57 1.74 1.75,979984,25
19:55:01,1.57 1.74 1.75,979732,25
19:55:02,1.52 1.72 1.74,979496,25
19:55:03,1.52 1.72 1.74,979584,25
19:55:04,1.52 1.72 1.74,979732,25
19:55:05,1.52 1.72 1.74,979732,25
19:55:06,1.52 1.72 1.74,979436,25
19:55:07,1.64 1.74 1.75,980088,25
19:55:08,1.64 1.74 1.75,980236,25
19:55:10,1.64 1.74 1.75,979984,25
19:55:11,1.64 1.74 1.75,979732,25
19:55:12,1.67 1.75 1.75,979732,25
19:55:13,1.67 1.75 1.75,979644,25
19:55:14,1.67 1.75 1.75,980236,25
19:55:15,1.67 1.75 1.75,979984,25
19:55:16,1.67 1.75 1.75,979332,25
19:55:17,1.70 1.75 1.75,979584,25
19:55:18,1.70 1.75 1.75,979332,25
19:55:19,1.70 1.75 1.75,979332,25
19:55:20,1.70 1.75 1.75,979984,25
19:55:21,1.70 1.75 1.75,980340,25
19:55:22,1.80 1.77 1.76,980236,25
19:55:23,1.80 1.77 1.76,979584,25
19:55:25,1.80 1.77 1.76,979228,25
19:55:26,1.80 1.77 1.76,979584,25
19:55:27,1.82 1.78 1.76,979836,25
19:55:28,1.82 1.78 1.76,980488,25
19:55:29,1.82 1.78 1.76,980592,25
19:55:30,1.82 1.78 1.76,980592,25
19:55:31,1.82 1.78 1.76,980296,25
19:55:32,1.91 1.80 1.77,979836,25
19:55:33,1.91 1.80 1.77,980088,25
19:55:34,1.91 1.80 1.77,980088,25
19:55:35,1.91 1.80 1.77,979836,25
19:55:36,1.92 1.80 1.77,979732,25
19:55:37,1.92 1.80 1.77,979852,25
19:55:39,1.92 1.80 1.77,980252,25
19:55:40,1.92 1.80 1.77,980252,25
19:55:41,1.92 1.80 1.77,980252,25
19:55:42,2.01 1.82 1.78,980208,25
19:55:43,2.01 1.82 1.78,980104,25
19:55:44,2.01 1.82 1.78,979852,25
19:55:45,2.01 1.82 1.78,979748,25
19:55:46,2.01 1.82 1.78,979808,25
19:55:47,2.01 1.83 1.78,979956,25
19:55:48,2.01 1.83 1.78,980252,25
19:55:49,2.01 1.83 1.78,980000,25
19:55:50,2.01 1.83 1.78,980104,25
19:55:51,1.93 1.81 1.77,980252,25
19:55:52,1.93 1.81 1.77,980356,25
19:55:54,1.93 1.81 1.77,980000,25
19:55:55,1.93 1.81 1.77,980756,25
19:55:56,1.93 1.81 1.77,980860,25
19:55:57,1.85 1.80 1.77,979956,25
19:55:58,1.85 1.80 1.77,980460,25
19:55:59,1.85 1.80 1.77,980416,25
19:56:00,1.85 1.80 1.77,980104,25
19:56:01,1.85 1.80 1.77,980756,25
19:56:02,1.86 1.80 1.77,980460,25
19:56:03,1.86 1.80 1.77,980252,25
19:56:04,1.86 1.80 1.77,980208,25
19:56:05,1.86 1.80 1.77,980252,25
19:56:06,1.79 1.79 1.77,980608,25
19:56:08,1.79 1.79 1.77,980356,25
19:56:09,1.79 1.79 1.77,980504,25
19:56:10,1.79 1.79 1.77,980756,25
19:56:11,1.79 1.79 1.77,980756,25
19:56:12,1.73 1.77 1.76,980356,25
19:56:13,1.73 1.77 1.76,980608,25
19:56:14,1.73 1.77 1.76,980356,25
19:56:15,1.73 1.77 1.76,980356,25
19:56:16,1.73 1.77 1.76,980000,25
19:56:17,1.67 1.76 1.76,980756,25
19:56:18,1.67 1.76 1.76,980668,25
19:56:19,1.67 1.76 1.76,980756,25
19:56:20,1.67 1.76 1.76,980608,25
19:56:21,1.62 1.75 1.75,981008,25
19:56:23,1.62 1.75 1.75,980104,25
19:56:24,1.62 1.75 1.75,980356,25
19:56:25,1.62 1.75 1.75,980208,25
19:56:26,1.62 1.75 1.75,980504,25
19:56:27,1.65 1.75 1.76,980756,25
19:56:28,1.65 1.75 1.76,980608,25
19:56:29,1.65 1.75 1.76,980756,25
19:56:30,1.65 1.75 1.76,980356,25
19:56:31,1.65 1.75 1.76,980000,25
19:56:32,1.76 1.77 1.76,980060,25
19:56:33,1.76 1.77 1.76,980608,25
19:56:34,1.76 1.77 1.76,980504,25
19:56:35,1.76 1.77 1.76,980756,25
19:56:37,1.78 1.78 1.76,980252,25
19:56:38,1.78 1.78 1.76,981008,25
19:56:39,1.78 1.78 1.76,981008,25
19:56:40,1.78 1.78 1.76,981364,25
19:56:41,1.78 1.78 1.76,980756,25
19:56:42,1.79 1.78 1.77,980964,25
19:56:43,1.79 1.78 1.77,981112,25
19:56:44,1.79 1.78 1.77,981008,25
19:56:45,1.79 1.78 1.77,980920,25
19:56:46,1.79 1.78 1.77,980860,25
19:56:47,1.81 1.79 1.77,980816,25
19:56:48,1.81 1.79 1.77,981008,25
19:56:49,1.81 1.79 1.77,981008,25
19:56:50,1.81 1.79 1.77,981008,25
19:56:52,1.83 1.79 1.77,980608,25
19:56:53,1.83 1.79 1.77,981260,25
19:56:54,1.83 1.79 1.77,980608,25
19:56:55,1.83 1.79 1.77,981008,25
19:56:56,1.83 1.79 1.77,981008,25
19:56:57,1.84 1.79 1.77,980860,25
19:56:58,1.84 1.79 1.77,980504,25
19:56:59,1.84 1.79 1.77,980504,25
19:57:00,1.84 1.79 1.77,979348,25
19:57:01,1.84 1.79 1.77,979348,25
19:57:02,1.85 1.80 1.77,979600,25
19:57:03,1.85 1.80 1.77,979496,25
19:57:04,1.85 1.80 1.77,979496,25
19:57:06,1.85 1.80 1.77,979244,25
19:57:07,1.79 1.78 1.77,978992,25
19:57:08,1.79 1.78 1.77,978488,25
19:57:09,1.79 1.78 1.77,978488,25
19:57:10,1.79 1.78 1.77,978844,25
19:57:11,1.79 1.78 1.77,978488,25
19:57:12,1.72 1.77 1.76,977984,25
19:57:13,1.72 1.77 1.76,978236,25
19:57:14,1.72 1.77 1.76,978236,25
19:57:15,1.72 1.77 1.76,978236,25
19:57:16,1.72 1.77 1.76,978236,25
19:57:17,1.66 1.76 1.76,978236,25
19:57:18,1.66 1.76 1.76,978740,25
19:57:20,1.66 1.76 1.76,978740,25
19:57:21,1.66 1.76 1.76,978340,25
19:57:22,1.61 1.74 1.75,977836,25
19:57:23,1.61 1.74 1.75,978592,25
19:57:24,1.61 1.74 1.75,978088,25
19:57:25,1.61 1.74 1.75,978992,25
19:57:26,1.61 1.74 1.75,978992,25
19:57:27,1.56 1.73 1.75,978740,25
19:57:28,1.56 1.73 1.75,978488,25
19:57:29,1.56 1.73 1.75,979096,25
19:57:30,1.56 1.73 1.75,978800,25
19:57:31,1.56 1.73 1.75,978740,25
19:57:32,1.60 1.74 1.75,978488,25
19:57:33,1.60 1.74 1.75,978992,25
19:57:35,1.60 1.74 1.75,979852,25
19:57:36,1.60 1.74 1.75,979096,25
19:57:37,1.63 1.74 1.75,978236,25
19:57:38,1.63 1.74 1.75,978992,25
19:57:39,1.63 1.74 1.75,978236,25
19:57:40,1.63 1.74 1.75,978740,25
19:57:41,1.63 1.74 1.75,978740,25
19:57:42,1.58 1.73 1.75,978488,25
19:57:43,1.58 1.73 1.75,977984,25
19:57:44,1.58 1.73 1.75,978844,25
19:57:45,1.58 1.73 1.75,978488,25
19:57:46,1.58 1.73 1.75,977836,25
19:57:47,1.61 1.73 1.75,977480,25
19:57:49,1.61 1.73 1.75,977732,25
19:57:50,1.61 1.73 1.75,977732,25
19:57:51,1.61 1.73 1.75,977732,25
19:57:52,1.64 1.74 1.75,977836,25
19:57:53,1.64 1.74 1.75,977732,25
19:57:54,1.64 1.74 1.75,978000,25
19:57:55,1.64 1.74 1.75,978740,25
19:57:56,1.64 1.74 1.75,978844,25
19:57:57,1.67 1.74 1.75,978340,25
19:57:58,1.67 1.74 1.75,978192,25
19:57:59,1.67 1.74 1.75,978088,25
19:58:00,1.67 1.74 1.75,978444,25
19:58:01,1.67 1.74 1.75,978844,25
19:58:02,2.02 1.81 1.78,978236,25
19:58:04,2.02 1.81 1.78,978236,25
19:58:05,2.02 1.81 1.78,978340,25
19:58:06,2.02 1.81 1.78,978740,25
19:58:07,2.02 1.82 1.78,978488,25
19:58:08,2.02 1.82 1.78,978800,25
19:58:09,2.02 1.82 1.78,978844,25
19:58:10,2.02 1.82 1.78,978844,25
19:58:11,2.02 1.82 1.78,978844,25
19:58:12,2.02 1.82 1.78,978740,25
19:58:13,2.02 1.82 1.78,978548,25
19:58:14,2.02 1.82 1.78,978844,25
19:58:15,2.02 1.82 1.78,978740,25
19:58:16,2.02 1.82 1.78,978740,25
19:58:18,2.10 1.84 1.79,979096,25
19:58:19,2.10 1.84 1.79,978992,25
19:58:20,2.10 1.84 1.79,978992,25
19:58:21,2.10 1.84 1.79,979496,25
19:58:22,2.09 1.84 1.79,978740,25
19:58:23,2.09 1.84 1.79,978488,25
19:58:24,2.09 1.84 1.79,979096,25
19:58:25,2.09 1.84 1.79,979348,25
19:58:26,2.09 1.84 1.79,979096,25
19:58:27,2.00 1.83 1.78,979200,25
19:58:28,2.00 1.83 1.78,978488,25
19:58:29,2.00 1.83 1.78,977984,25
19:58:30,2.00 1.83 1.78,978088,25
19:58:31,2.00 1.83 1.78,978488,25
19:58:33,2.00 1.83 1.78,978488,25
19:58:34,2.00 1.83 1.78,978340,25
19:58:35,2.00 1.83 1.78,978192,25
19:58:36,2.00 1.83 1.78,977732,25
19:58:37,1.92 1.82 1.78,978488,25
19:58:38,1.92 1.82 1.78,977984,25
19:58:39,1.92 1.82 1.78,978148,25
19:58:40,1.92 1.82 1.78,978652,25
19:58:41,1.92 1.82 1.78,978488,25
19:58:42,1.85 1.80 1.77,978236,25
19:58:43,1.85 1.80 1.77,979052,25
19:58:44,1.85 1.80 1.77,978740,25
19:58:45,1.85 1.80 1.77,978740,25
19:58:47,1.78 1.79 1.77,978992,25
19:58:48,1.78 1.79 1.77,978740,25
19:58:49,1.78 1.79 1.77,978844,25
19:58:50,1.78 1.79 1.77,978592,25
19:58:51,1.78 1.79 1.77,978696,25
19:58:52,1.72 1.78 1.77,978652,25
19:58:53,1.72 1.78 1.77,978992,25
19:58:54,1.72 1.78 1.77,978904,25
19:58:55,1.72 1.78 1.77,978740,25
19:58:56,1.72 1.78 1.77,978488,25
19:58:57,1.66 1.76 1.76,978340,25
19:58:58,1.66 1.76 1.76,978592,25
19:58:59,1.66 1.76 1.76,979096,25
19:59:00,1.66 1.76 1.76,978488,25
19:59:02,1.61 1.75 1.76,978592,25
19:59:03,1.61 1.75 1.76,979096,25
19:59:04,1.61 1.75 1.76,978592,25
19:59:05,1.61 1.75 1.76,978236,25
19:59:06,1.61 1.75 1.76,978740,25
19:59:07,1.64 1.76 1.76,978740,25
19:59:08,1.64 1.76 1.76,978592,25
19:59:09,1.64 1.76 1.76,978488,25
19:59:10,1.64 1.76 1.76,978948,25
19:59:11,1.64 1.76 1.76,978548,25
19:59:12,1.67 1.76 1.76,978592,25
19:59:13,1.67 1.76 1.76,978488,25
19:59:14,1.67 1.76 1.76,978488,25
19:59:16,1.67 1.76 1.76,977984,25
19:59:17,1.69 1.76 1.76,977984,25
19:59:18,1.69 1.76 1.76,977984,25
19:59:19,1.69 1.76 1.76,978488,25
19:59:20,1.69 1.76 1.76,978740,25
19:59:21,1.69 1.76 1.76,979052,25
19:59:22,1.80 1.79 1.77,978236,25
19:59:23,1.80 1.79 1.77,978592,25
19:59:24,1.80 1.79 1.77,978592,25
19:59:25,1.80 1.79 1.77,978992,25
19:59:26,1.80 1.79 1.77,979348,25
19:59:27,1.81 1.79 1.77,978236,25
19:59:28,1.81 1.79 1.77,978340,25
19:59:29,1.81 1.79 1.77,978340,25
19:59:31,1.81 1.79 1.77,978236,25
19:59:32,1.83 1.79 1.77,978488,25
19:59:33,1.83 1.79 1.77,979348,25
19:59:34,1.83 1.79 1.77,978948,25
19:59:35,1.83 1.79 1.77,979096,25
19:59:36,1.83 1.79 1.77,978992,25
19:59:37,1.84 1.80 1.77,979096,25
19:59:38,1.84 1.80 1.77,978488,25
19:59:39,1.84 1.80 1.77,978008,25
19:59:40,1.84 1.80 1.77,978260,25
19:59:41,1.84 1.80 1.77,978616,25
19:59:42,1.86 1.80 1.77,978260,25
19:59:43,1.86 1.80 1.77,978764,25
19:59:45,1.86 1.80 1.77,978632,25
19:59:46,1.86 1.80 1.77,978764,25
19:59:47,1.79 1.79 1.77,979120,25
19:59:48,1.79 1.79 1.77,978868,25
19:59:49,1.79 1.79 1.77,979016,25
19:59:50,1.79 1.79 1.77,978868,25
19:59:51,1.79 1.79 1.77,978764,25
19:59:52,1.72 1.77 1.77,978572,25
19:59:53,1.72 1.77 1.77,979120,25
19:59:54,1.72 1.77 1.77,978764,25
19:59:55,1.72 1.77 1.77,979520,25
19:59:56,1.72 1.77 1.77,978720,25
19:59:57,1.67 1.76 1.76,978364,25
19:59:58,1.67 1.76 1.76,978512,25
20:00:00,1.67 1.76 1.76,978764,25
20:00:01,1.67 1.76 1.76,978720,25
20:00:02,1.61 1.75 1.76,978868,25
20:00:03,1.61 1.75 1.76,978468,25
20:00:04,1.61 1.75 1.76,978764,25
20:00:05,1.61 1.75 1.76,978424,25
20:00:06,1.61 1.75 1.76,978764,25
20:00:07,1.56 1.74 1.75,979120,25
20:00:08,1.56 1.74 1.75,979224,25
20:00:09,1.56 1.74 1.75,978512,25
20:00:10,1.56 1.74 1.75,978616,25
20:00:11,1.56 1.74 1.75,978616,25
20:00:12,1.60 1.74 1.75,978764,25
20:00:14,1.60 1.74 1.75,978512,25
20:00:15,1.60 1.74 1.75,978616,25
20:00:16,1.60 1.74 1.75,977756,25
20:00:17,1.55 1.73 1.75,978260,25
20:00:18,1.55 1.73 1.75,978512,25
20:00:19,1.55 1.73 1.75,978364,25
20:00:20,1.55 1.73 1.75,978364,25
20:00:21,1.55 1.73 1.75,978764,25
20:00:22,1.51 1.71 1.75,978868,25
20:00:23,1.51 1.71 1.75,978764,25
20:00:24,1.51 1.71 1.75,979032,25
20:00:25,1.51 1.71 1.75,979520,25
20:00:26,1.51 1.71 1.75,979268,25
20:00:27,1.55 1.72 1.75,978972,25
20:00:29,1.55 1.72 1.75,979120,25
20:00:30,1.55 1.72 1.75,979520,25
20:00:31,1.55 1.72 1.75,979520,25
20:00:32,1.58 1.72 1.75,979372,25
20:00:33,1.58 1.72 1.75,979624,25
20:00:34,1.58 1.72 1.75,978764,25
20:00:35,1.58 1.72 1.75,979224,25
20:00:36,1.58 1.72 1.75,979372,25
20:00:37,1.62 1.73 1.75,978972,25
20:00:38,1.62 1.73 1.75,978512,25
20:00:39,1.62 1.73 1.75,978972,25
20:00:40,1.62 1.73 1.75,978512,25
20:00:41,1.62 1.73 1.75,979120,25
20:00:43,1.65 1.73 1.75,978764,25
20:00:44,1.65 1.73 1.75,978216,25
20:00:45,1.65 1.73 1.75,978868,25
20:00:46,1.65 1.73 1.75,979016,25
20:00:47,1.68 1.74 1.75,979016,25
20:00:48,1.68 1.74 1.75,978928,25
20:00:49,1.68 1.74 1.75,978868,25
20:00:50,1.68 1.74 1.75,978764,25
20:00:51,1.68 1.74 1.75,979016,25
20:00:52,1.70 1.74 1.75,978764,25
20:00:53,1.70 1.74 1.75,978764,25
20:00:54,1.70 1.74 1.75,978972,25
20:00:55,1.70 1.74 1.75,978764,25
20:00:56,1.70 1.74 1.75,978764,25
20:00:58,1.73 1.75 1.76,978764,25
20:00:59,1.73 1.75 1.76,979268,25
20:01:00,1.73 1.75 1.76,978720,25
20:01:01,1.73 1.75 1.76,979016,25
20:01:02,1.75 1.75 1.76,978616,25
20:01:03,1.75 1.75 1.76,979520,25
20:01:04,1.75 1.75 1.76,979120,25
20:01:05,1.75 1.75 1.76,979224,25
20:01:06,1.75 1.75 1.76,978868,25
20:01:07,1.69 1.74 1.75,979120,25
20:01:08,1.69 1.74 1.75,979224,25
20:01:09,1.69 1.74 1.75,979580,25
20:01:10,1.69 1.74 1.75,979120,25
20:01:11,1.69 1.74 1.75,979328,25
20:01:13,1.71 1.74 1.75,979624,25
20:01:14,1.71 1.74 1.75,979120,25
20:01:15,1.71 1.74 1.75,979520,25
20:01:16,1.71 1.74 1.75,979772,25
20:01:17,1.66 1.73 1.75,979476,25
20:01:18,1.66 1.73 1.75,978616,25
20:01:19,1.66 1.73 1.75,979224,25
20:01:20,1.66 1.73 1.75,979520,25
20:01:21,1.66 1.73 1.75,979076,25
20:01:22,1.68 1.74 1.75,979476,25
20:01:23,1.68 1.74 1.75,979268,25
20:01:24,1.68 1.74 1.75,978868,25
20:01:25,1.68 1.74 1.75,979268,25
20:01:27,1.68 1.74 1.75,978008,25
20:01:28,2.03 1.81 1.77,978260,25
20:01:29,2.03 1.81 1.77,978764,25
20:01:30,2.03 1.81 1.77,979016,25
20:01:31,2.03 1.81 1.77,979016,25
20:01:32,1.95 1.79 1.77,978868,25
20:01:33,1.95 1.79 1.77,978512,25
20:01:34,1.95 1.79 1.77,978616,25
20:01:35,1.95 1.79 1.77,978364,25
20:01:36,1.95 1.79 1.77,978764,25
20:01:37,1.87 1.78 1.77,978764,25
20:01:38,1.87 1.78 1.77,978512,25
20:01:39,1.87 1.78 1.77,978868,25
20:01:40,1.87 1.78 1.77,979120,25
20:01:42,1.87 1.78 1.77,979016,25
20:01:43,2.12 1.83 1.78,979268,25
20:01:44,2.12 1.83 1.78,979120,25
20:01:45,2.12 1.83 1.78,979120,25
20:01:46,2.12 1.83 1.78,979016,25
20:01:47,2.11 1.84 1.78,979520,25
20:01:48,2.11 1.84 1.78,979520,25
20:01:49,2.11 1.84 1.78,979016,25
20:01:50,2.11 1.84 1.78,979120,25
20:01:51,2.11 1.84 1.78,979624,25
20:01:52,2.10 1.84 1.79,979120,25
20:01:53,2.10 1.84 1.79,979432,25
20:01:54,2.10 1.84 1.79,979520,25
20:01:56,2.10 1.84 1.79,979120,25
20:01:57,2.10 1.84 1.79,978512,25
20:01:58,2.17 1.86 1.79,978512,25
20:01:59,2.17 1.86 1.79,978512,25
20:02:00,2.17 1.86 1.79,978512,25
20:02:01,2.17 1.86 1.79,978260,25
20:02:02,2.16 1.86 1.79,978616,25
20:02:03,2.16 1.86 1.79,979076,25
20:02:04,2.16 1.86 1.79,978616,25
20:02:05,2.16 1.86 1.79,978884,25
20:02:06,2.16 1.86 1.79,978868,25
20:02:07,2.15 1.86 1.80,979268,25
20:02:08,2.15 1.86 1.80,978868,25
20:02:09,2.15 1.86 1.80,979268,25
20:02:11,2.15 1.86 1.80,979372,25
20:02:12,2.15 1.86 1.80,978616,25
20:02:13,2.14 1.87 1.80,979120,25
20:02:14,2.14 1.87 1.80,979268,25
20:02:15,2.14 1.87 1.80,979268,25
20:02:16,2.14 1.87 1.80,978764,25
20:02:17,2.20 1.89 1.80,978876,25
20:02:18,2.20 1.89 1.80,978624,25
20:02:19,2.20 1.89 1.80,978772,25
20:02:20,2.20 1.89 1.80,979024,25
20:02:21,2.20 1.89 1.80,978624,25
20:02:22,2.19 1.89 1.81,978240,25
20:02:23,2.19 1.89 1.81,978268,25
20:02:25,2.19 1.89 1.81,978268,25
20:02:26,2.19 1.89 1.81,978772,25
20:02:27,2.09 1.87 1.80,978624,25
20:02:28,2.09 1.87 1.80,979232,25
20:02:29,2.09 1.87 1.80,978268,25
20:02:30,2.09 1.87 1.80,978372,25
20:02:31,2.09 1.87 1.80,978268,25
20:02:32,2.00 1.86 1.80,977928,25
20:02:33,2.00 1.86 1.80,978772,25
20:02:34,2.00 1.86 1.80,978328,25
20:02:35,2.00 1.86 1.80,978372,25
20:02:36,2.00 1.86 1.80,978520,25
20:02:37,1.92 1.84 1.79,978268,25
20:02:38,1.92 1.84 1.79,978520,25
20:02:40,1.92 1.84 1.79,978268,25
20:02:41,1.92 1.84 1.79,978268,25
20:02:42,1.85 1.83 1.79,978520,25
20:02:43,1.85 1.83 1.79,978728,25
20:02:44,1.85 1.83 1.79,978372,25
20:02:45,1.85 1.83 1.79,978520,25
20:02:46,1.85 1.83 1.79,978772,25
20:02:47,1.78 1.81 1.78,978268,25
20:02:48,1.78 1.81 1.78,978268,25
20:02:49,1.78 1.81 1.78,978772,25
20:02:50,1.78 1.81 1.78,978772,25
20:02:51,1.78 1.81 1.78,979024,25
20:02:52,1.80 1.82 1.78,979276,25
20:02:54,1.80 1.82 1.78,979528,25
20:02:55,1.80 1.82 1.78,979380,25
20:02:56,1.80 1.82 1.78,979632,25
20:02:57,1.73 1.80 1.78,979024,25
20:02:58,1.73 1.80 1.78,979736,25
20:02:59,1.73 1.80 1.78,979632,25
20:03:00,1.73 1.80 1.78,979276,25
20:03:01,1.73 1.80 1.78,978224,25
20:03:02,1.68 1.79 1.78,978016,25
20:03:03,1.68 1.79 1.78,978120,25
20:03:04,1.68 1.79 1.78,978268,25
20:03:05,1.68 1.79 1.78,978016,25
20:03:06,1.68 1.79 1.78,978520,25
20:03:07,1.70 1.79 1.78,978728,25
20:03:09,1.70 1.79 1.78,978520,25
20:03:10,1.70 1.79 1.78,978520,25
20:03:11,1.70 1.79 1.78,978772,25
20:03:12,1.73 1.80 1.78,978876,25
20:03:13,1.73 1.80 1.78,978772,25
20:03:14,1.73 1.80 1.78,979380,25
20:03:15,1.73 1.80 1.78,978772,25
20:03:16,1.73 1.80 1.78,979128,25
20:03:17,1.83 1.82 1.79,978520,25
20:03:18,1.83 1.82 1.79,978520,25
20:03:19,1.83 1.82 1.79,979024,25
20:03:20,1.83 1.82 1.79,978772,25
20:03:21,1.83 1.82 1.79,978980,25
20:03:23,1.84 1.82 1.79,979024,25
20:03:24,1.84 1.82 1.79,979024,25
20:03:25,1.84 1.82 1.79,979024,25
20:03:26,1.84 1.82 1.79,979024,25
20:03:27,1.85 1.83 1.79,979276,25
20:03:28,1.85 1.83 1.79,979528,25
20:03:29,1.85 1.83 1.79,979276,25
20:03:30,1.85 1.83 1.79,979276,25
20:03:31,1.85 1.83 1.79,979884,25
20:03:32,1.87 1.83 1.79,979632,25
20:03:33,1.87 1.83 1.79,979380,25
20:03:34,1.87 1.83 1.79,979128,25
20:03:35,1.87 1.83 1.79,979276,25
20:03:36,1.87 1.83 1.79,979528,25
20:03:38,1.96 1.85 1.80,979024,25
20:03:39,1.96 1.85 1.80,979276,25
20:03:40,1.96 1.85 1.80,979380,25
20:03:41,1.96 1.85 1.80,978624,25
20:03:42,1.96 1.85 1.80,978772,25
20:03:43,1.96 1.85 1.80,979024,25
20:03:44,1.96 1.85 1.80,978876,25
20:03:45,1.96 1.85 1.80,979232,25
20:03:46,1.96 1.85 1.80,980032,25
20:03:47,1.88 1.84 1.79,979128,25
20:03:48,1.88 1.84 1.79,979380,25
20:03:49,1.88 1.84 1.79,979024,25
20:03:50,1.88 1.84 1.79,978772,25
20:03:52,1.88 1.84 1.79,978520,25
20:03:53,1.89 1.84 1.80,978876,25
20:03:54,1.89 1.84 1.80,979276,25
20:03:55,1.89 1.84 1.80,978980,25
20:03:56,1.89 1.84 1.80,978772,25
20:03:57,1.82 1.83 1.79,978980,25
20:03:58,1.82 1.83 1.79,979024,25
20:03:59,1.82 1.83 1.79,979528,25
20:04:00,1.82 1.83 1.79,978876,25
20:04:01,1.82 1.83 1.79,979024,25
20:04:02,1.76 1.81 1.79,979128,25
20:04:03,1.76 1.81 1.79,978520,25
20:04:04,1.76 1.81 1.79,979024,25
20:04:05,1.76 1.81 1.79,978268,25
20:04:07,1.76 1.81 1.79,978372,25
20:04:08,1.78 1.81 1.79,978876,25
20:04:09,1.78 1.81 1.79,978980,25
20:04:10,1.78 1.81 1.79,978772,25
20:04:11,1.78 1.81 1.79,978520,25
20:04:12,1.71 1.80 1.78,978876,25
20:04:13,1.71 1.80 1.78,979024,25
20:04:14,1.71 1.80 1.78,979024,25
20:04:15,1.71 1.80 1.78,978476,25
20:04:16,1.71 1.80 1.78,978772,25
20:04:17,1.66 1.79 1.78,978268,25
20:04:18,1.66 1.79 1.78,978684,25
20:04:19,1.66 1.79 1.78,978624,25
20:04:21,1.66 1.79 1.78,979276,25
20:04:22,1.66 1.79 1.78,979024,25
20:04:23,1.60 1.77 1.77,978980,25
20:04:24,1.60 1.77 1.77,979024,25
20:04:25,1.60 1.77 1.77,979484,25
20:04:26,1.60 1.77 1.77,978728,25
20:04:27,1.64 1.78 1.78,978520,25
20:04:28,1.64 1.78 1.78,978980,25
20:04:29,1.64 1.78 1.78,978520,25
20:04:30,1.64 1.78 1.78,978268,25
20:04:31,1.64 1.78 1.78,978268,25
20:04:32,1.75 1.80 1.78,978016,25
20:04:33,1.75 1.80 1.78,978772,25
20:04:34,1.75 1.80 1.78,978772,25
20:04:36,1.75 1.80 1.78,979276,25
20:04:37,1.75 1.80 1.78,979276,25
20:04:38,1.77 1.80 1.78,978624,25
20:04:39,1.77 1.80 1.78,979024,25
20:04:40,1.77 1.80 1.78,978980,25
20:04:41,1.77 1.80 1.78,978832,25
20:04:42,1.78 1.81 1.79,978520,25
20:04:43,1.78 1.81 1.79,979276,25
20:04:44,1.78 1.81 1.79,978520,25
20:04:45,1.78 1.81 1.79,978876,25
20:04:46,1.78 1.81 1.79,978876,25
20:04:47,1.80 1.81 1.79,979024,25
20:04:48,1.80 1.81 1.79,978772,25
20:04:50,1.80 1.81 1.79,979128,25
20:04:51,1.80 1.81 1.79,979024,25
20:04:52,1.80 1.81 1.79,978772,25
20:04:53,2.22 1.89 1.82,979884,25
20:04:54,2.22 1.89 1.82,979276,25
20:04:55,2.22 1.89 1.82,979380,25
20:04:56,2.22 1.89 1.82,978520,25
20:04:57,2.20 1.90 1.82,978624,25
20:04:58,2.20 1.90 1.82,978372,25
20:04:59,2.20 1.90 1.82,979084,25
20:05:00,2.20 1.90 1.82,979632,25
20:05:01,2.20 1.90 1.82,979484,25
20:05:02,2.27 1.92 1.82,979632,25
20:05:03,2.27 1.92 1.82,979024,25
20:05:05,2.27 1.92 1.82,979024,25
20:05:06,2.27 1.92 1.82,978624,25
20:05:07,2.27 1.92 1.82,978268,25
20:05:08,2.48 1.97 1.84,978268,25
20:05:09,2.48 1.97 1.84,978876,25
20:05:10,2.48 1.97 1.84,979084,25
20:05:11,2.48 1.97 1.84,979528,25
20:05:12,2.37 1.95 1.84,979632,25
20:05:13,2.37 1.95 1.84,979276,25
20:05:14,2.37 1.95 1.84,979632,25
20:05:15,2.37 1.95 1.84,978876,25
20:05:16,2.37 1.95 1.84,979024,25
20:05:17,2.26 1.93 1.83,979276,25
20:05:19,2.26 1.93 1.83,979024,25
20:05:20,2.26 1.93 1.83,978580,25
20:05:21,2.26 1.93 1.83,978876,25
20:05:22,2.26 1.93 1.83,979380,25
20:05:23,2.24 1.94 1.83,979024,25
20:05:24,2.24 1.94 1.83,979780,25
20:05:25,2.24 1.94 1.83,979024,25
20:05:26,2.24 1.94 1.83,978772,25
20:05:27,2.22 1.94 1.83,979232,25
20:05:28,2.22 1.94 1.83,979024,25
20:05:29,2.22 1.94 1.83,979380,25
20:05:30,2.22 1.94 1.83,979024,25
20:05:31,2.22 1.94 1.83,978772,25
20:05:32,2.12 1.92 1.83,978772,25
20:05:34,2.12 1.92 1.83,978876,25
20:05:35,2.12 1.92 1.83,978268,25
20:05:36,2.12 1.92 1.83,978772,25
20:05:37,2.12 1.92 1.83,978624,25
20:05:38,2.11 1.92 1.83,978268,25
20:05:39,2.11 1.92 1.83,978728,25
20:05:40,2.11 1.92 1.83,978520,25
20:05:41,2.11 1.92 1.83,979380,25
20:05:42,2.02 1.91 1.82,979276,25
20:05:43,2.02 1.91 1.82,979024,25
20:05:44,2.02 1.91 1.82,979188,25
20:05:45,2.02 1.91 1.82,979276,25
20:05:46,2.02 1.91 1.82,979528,25
20:05:48,2.02 1.91 1.83,979528,25
20:05:49,2.02 1.91 1.83,979528,25
20:05:50,2.02 1.91 1.83,979276,25
20:05:51,2.02 1.91 1.83,979232,25
20:05:52,2.02 1.91 1.83,978772,25
20:05:53,2.02 1.91 1.83,979484,25
20:05:54,2.02 1.91 1.83,979484,25
20:05:55,2.02 1.91 1.83,979632,25
20:05:56,2.02 1.91 1.83,978876,25
20:05:57,2.02 1.91 1.83,979632,25
20:05:58,2.02 1.91 1.83,979024,25
20:05:59,2.02 1.91 1.83,978832,25
20:06:00,2.02 1.91 1.83,979024,25
20:06:01,2.02 1.91 1.83,979024,25
20:06:03,2.01 1.91 1.83,979380,25
20:06:04,2.01 1.91 1.83,979380,25
20:06:05,2.01 1.91 1.83,979024,25
20:06:06,2.01 1.91 1.83,979632,25
20:06:07,2.01 1.92 1.83,980032,25
20:06:08,2.01 1.92 1.83,980136,25
20:06:09,2.01 1.92 1.83,980032,25
20:06:10,2.01 1.92 1.83,979780,25
20:06:11,2.01 1.92 1.83,979380,25
20:06:12,2.01 1.92 1.83,979780,25
20:06:13,2.01 1.92 1.83,979884,25
20:06:14,2.01 1.92 1.83,980032,25
20:06:15,2.01 1.92 1.83,979780,25
20:06:17,2.01 1.92 1.83,979528,25
20:06:18,2.01 1.92 1.83,980032,25
20:06:19,2.01 1.92 1.83,979528,25
20:06:20,2.01 1.92 1.83,979632,25
20:06:21,2.01 1.92 1.83,980136,25
20:06:22,2.01 1.92 1.83,980284,25
20:06:23,2.01 1.92 1.83,980284,25
20:06:24,2.01 1.92 1.83,980136,25
20:06:25,2.01 1.92 1.83,979780,25
20:06:26,2.01 1.92 1.83,980136,25
20:06:27,1.93 1.91 1.83,980300,25
20:06:28,1.93 1.91 1.83,979276,25
20:06:29,1.93 1.91 1.83,979380,25
20:06:30,1.93 1.91 1.83,979024,25
20:06:32,1.93 1.91 1.83,979024,25
20:06:33,1.85 1.89 1.82,979528,25
20:06:34,1.85 1.89 1.82,979276,25
20:06:35,1.85 1.89 1.82,979128,25
20:06:36,1.85 1.89 1.82,979528,25
20:06:37,1.87 1.89 1.82,979840,25
20:06:38,1.87 1.89 1.82,979484,25
20:06:39,1.87 1.89 1.82,979528,25
20:06:40,1.87 1.89 1.82,979632,25
20:06:41,1.87 1.89 1.82,979084,25
20:06:42,1.80 1.88 1.82,979528,25
20:06:43,1.80 1.88 1.82,979380,25
20:06:44,1.80 1.88 1.82,979276,25
20:06:46,1.80 1.88 1.82,979780,25
20:06:47,1.80 1.88 1.82,980136,25
20:06:48,1.73 1.86 1.81,979484,25
20:06:49,1.73 1.86 1.81,979884,25
20:06:50,1.73 1.86 1.81,979632,25
20:06:51,1.73 1.86 1.81,979632,25
20:06:52,1.67 1.85 1.81,979884,25
20:06:53,1.67 1.85 1.81,978624,25
20:06:54,1.67 1.85 1.81,978372,25
20:06:55,1.67 1.85 1.81,979024,25
20:06:56,1.67 1.85 1.81,979276,25
20:06:57,1.62 1.83 1.81,979528,25
20:06:58,1.62 1.83 1.81,979632,25
20:06:59,1.62 1.83 1.81,979528,25
20:07:01,1.62 1.83 1.81,979868,25
20:07:02,1.62 1.83 1.81,980016,25
20:07:03,1.57 1.82 1.80,979764,25
20:07:04,1.57 1.82 1.80,979868,25
20:07:05,1.57 1.82 1.80,979868,25
20:07:06,1.57 1.82 1.80,979616,25
20:07:07,1.68 1.84 1.81,980016,25
20:07:08,1.68 1.84 1.81,979928,25
20:07:09,1.68 1.84 1.81,979512,25
20:07:10,1.68 1.84 1.81,979616,25
20:07:11,1.68 1.84 1.81,979868,25
20:07:12,1.71 1.84 1.81,979928,25
20:07:13,1.71 1.84 1.81,979260,25
20:07:15,1.71 1.84 1.81,979112,25
20:07:16,1.71 1.84 1.81,979512,25
20:07:17,1.71 1.84 1.81,979260,25
20:07:18,1.73 1.85 1.81,979512,25
20:07:19,1.73 1.85 1.81,979616,25
20:07:20,1.73 1.85 1.81,979764,25
20:07:21,1.73 1.85 1.81,979112,25
20:07:22,1.75 1.85 1.81,979260,25
20:07:23,1.75 1.85 1.81,979112,25
20:07:24,1.75 1.85 1.81,979764,25
20:07:25,1.75 1.85 1.81,979868,25
20:07:26,1.75 1.85 1.81,979764,25
20:07:27,1.77 1.85 1.81,979868,25
20:07:28,1.77 1.85 1.81,979512,25
20:07:30,1.77 1.85 1.81,979364,25
20:07:31,1.77 1.85 1.81,979868,25
20:07:32,1.77 1.85 1.81,979616,25
20:07:33,1.87 1.87 1.82,979720,25
20:07:34,1.87 1.87 1.82,979764,25
20:07:35,1.87 1.87 1.82,980016,25
20:07:36,1.87 1.87 1.82,979260,25
20:07:37,1.96 1.89 1.83,979364,25
20:07:38,1.96 1.89 1.83,979260,25
20:07:39,1.96 1.89 1.83,979216,25
20:07:40,1.96 1.89 1.83,978504,25
20:07:41,1.96 1.89 1.83,978756,25
20:07:42,1.97 1.89 1.83,978504,25
20:07:44,1.97 1.89 1.83,979008,25
20:07:45,1.97 1.89 1.83,979260,25
20:07:46,1.97 1.89 1.83,979512,25
20:07:47,1.97 1.89 1.83,979764,25
20:07:48,1.89 1.88 1.82,979764,25
20:07:49,1.89 1.88 1.82,979764,25
20:07:50,1.89 1.88 1.82,980032,25
20:07:51,1.89 1.88 1.82,979572,25
20:07:52,1.82 1.86 1.82,979616,25
20:07:53,1.82 1.86 1.82,979764,25
20:07:54,1.82 1.86 1.82,979868,25
20:07:55,1.82 1.86 1.82,978964,25
20:07:56,1.82 1.86 1.82,979764,25
20:07:57,1.75 1.85 1.81,979972,25
20:07:59,1.75 1.85 1.81,979764,25
20:08:00,1.75 1.85 1.81,979764,25
20:08:01,1.75 1.85 1.81,979764,25
20:08:02,1.75 1.85 1.81,979824,25
20:08:03,1.77 1.85 1.81,979512,25
20:08:04,1.77 1.85 1.81,979972,25
20:08:05,1.77 1.85 1.81,979616,25
20:08:06,1.77 1.85 1.81,979528,25
20:08:07,1.71 1.84 1.81,979616,25
20:08:08,1.71 1.84 1.81,979868,25
20:08:09,1.71 1.84 1.81,980120,25
20:08:10,1.71 1.84 1.81,979764,25
20:08:11,1.71 1.84 1.81,979764,25
20:08:13,1.65 1.82 1.81,979364,25
20:08:14,1.65 1.82 1.81,979512,25
20:08:15,1.65 1.82 1.81,979008,25
20:08:16,1.65 1.82 1.81,979764,25
20:08:17,1.65 1.82 1.81,979868,25
20:08:18,1.68 1.83 1.81,979868,25
20:08:19,1.68 1.83 1.81,980224,25
20:08:20,1.68 1.83 1.81,980120,25
20:08:21,1.68 1.83 1.81,980016,25
20:08:22,1.63 1.81 1.80,980268,25
20:08:23,1.63 1.81 1.80,979764,25
20:08:24,1.63 1.81 1.80,979364,25
20:08:25,1.63 1.81 1.80,980016,25
20:08:26,1.63 1.81 1.80,979764,25
20:08:28,1.66 1.81 1.80,979868,25
20:08:29,1.66 1.81 1.80,979720,25
20:08:30,1.66 1.81 1.80,979616,25
20:08:31,1.66 1.81 1.80,980016,25
20:08:32,1.66 1.81 1.80,980016,25
20:08:33,1.76 1.83 1.81,979260,25
20:08:34,1.76 1.83 1.81,979260,25
20:08:35,1.76 1.83 1.81,980076,25
20:08:36,1.76 1.83 1.81,979764,25
20:08:37,1.78 1.84 1.81,979112,25
20:08:38,1.78 1.84 1.81,979364,25
20:08:39,1.78 1.84 1.81,979260,25
20:08:40,1.78 1.84 1.81,979512,25
20:08:42,1.78 1.84 1.81,979364,25
20:08:43,1.80 1.84 1.81,979008,25
20:08:44,1.80 1.84 1.81,979512,25
20:08:45,1.80 1.84 1.81,979616,25
20:08:46,1.80 1.84 1.81,979364,25
20:08:47,1.80 1.84 1.81,979216,25
20:08:48,1.82 1.84 1.82,979260,25
20:08:49,1.82 1.84 1.82,979172,25
20:08:50,1.82 1.84 1.82,978504,25
20:08:51,1.82 1.84 1.82,979364,25
20:08:52,1.83 1.85 1.82,979364,25
20:08:53,1.83 1.85 1.82,979928,25
20:08:54,1.83 1.85 1.82,979764,25
20:08:55,1.83 1.85 1.82,979260,25
20:08:57,1.83 1.85 1.82,979616,25
20:08:58,1.85 1.85 1.82,979616,25
20:08:59,1.85 1.85 1.82,979868,25
20:09:00,1.85 1.85 1.82,979512,25
20:09:01,1.85 1.85 1.82,979216,25
20:09:02,1.86 1.85 1.82,979616,25
20:09:03,1.86 1.85 1.82,979868,25
20:09:04,1.86 1.85 1.82,979764,25
20:09:05,1.86 1.85 1.82,979616,25
20:09:06,1.86 1.85 1.82,979260,25
20:09:07,1.79 1.84 1.81,979512,25
20:09:08,1.79 1.84 1.81,979260,25
20:09:09,1.79 1.84 1.81,978860,25
20:09:11,1.79 1.84 1.81,979764,25
20:09:12,1.79 1.84 1.81,979616,25
20:09:13,1.73 1.82 1.81,979512,25
20:09:14,1.73 1.82 1.81,980120,25
20:09:15,1.73 1.82 1.81,979764,25
20:09:16,1.73 1.82 1.81,980016,25
20:09:17,1.67 1.81 1.81,980268,25
20:09:18,1.67 1.81 1.81,979512,25
20:09:19,1.67 1.81 1.81,979764,25
20:09:20,1.67 1.81 1.81,979764,25
20:09:21,1.67 1.81 1.81,980224,25
20:09:22,1.61 1.80 1.80,979512,25
20:09:23,1.61 1.80 1.80,979972,25
20:09:24,1.61 1.80 1.80,979764,25
20:09:26,1.61 1.80 1.80,979764,25
20:09:27,1.61 1.80 1.80,980016,25
20:09:28,1.56 1.78 1.80,980268,25
20:09:29,1.56 1.78 1.80,980372,25
20:09:30,1.56 1.78 1.80,980624,25
20:09:31,1.56 1.78 1.80,980120,25
20:09:32,1.52 1.77 1.79,980684,25
20:09:33,1.52 1.77 1.79,980772,25
20:09:34,1.52 1.77 1.79,980016,25
20:09:35,1.52 1.77 1.79,980016,25
20:09:36,1.52 1.77 1.79,979868,25
20:09:37,1.48 1.76 1.79,979868,25
20:09:38,1.48 1.76 1.79,980016,25
20:09:40,1.48 1.76 1.79,980372,25
20:09:41,1.48 1.76 1.79,979512,25
20:09:42,1.48 1.76 1.79,980016,25
20:09:43,1.44 1.74 1.78,980016,25
20:09:44,1.44 1.74 1.78,980624,25
20:09:45,1.44 1.74 1.78,979868,25
20:09:46,1.44 1.74 1.78,979764,25
20:09:47,1.48 1.75 1.79,980268,25
20:09:48,1.48 1.75 1.79,980328,25
20:09:49,1.48 1.75 1.79,980224,25
20:09:50,1.48 1.75 1.79,980268,25
20:09:51,1.48 1.75 1.79,980016,25
20:09:52,1.53 1.75 1.79,980268,25
20:09:53,1.53 1.75 1.79,979512,25
20:09:55,1.53 1.75 1.79,979764,25
20:09:56,1.53 1.75 1.79,980016,25
20:09:57,1.53 1.75 1.79,979260,25
20:09:58,1.56 1.76 1.79,979616,25
20:09:59,1.56 1.76 1.79,979616,25
20:10:00,1.56 1.76 1.79,979260,25
20:10:01,1.56 1.76 1.79,979616,25
20:10:02,1.60 1.76 1.79,979824,25
20:10:03,1.60 1.76 1.79,979112,25
20:10:04,1.60 1.76 1.79,978756,25
20:10:05,1.60 1.76 1.79,979972,25
20:10:06,1.60 1.76 1.79,979764,25
20:10:07,1.63 1.77 1.79,979468,25
20:10:09,1.63 1.77 1.79,979364,25
20:10:10,1.63 1.77 1.79,979764,25
20:10:11,1.63 1.77 1.79,979616,25
20:10:12,1.63 1.77 1.79,979572,25
20:10:13,1.66 1.77 1.79,979512,25
20:10:14,1.66 1.77 1.79,979764,25
20:10:15,1.66 1.77 1.79,979824,25
20:10:16,1.66 1.77 1.79,979616,25
20:10:17,1.69 1.77 1.79,979616,25
20:10:18,1.69 1.77 1.79,979260,25
20:10:19,1.69 1.77 1.79,979764,25
20:10:20,1.69 1.77 1.79,979764,25
20:10:21,1.69 1.77 1.79,980016,25
20:10:22,1.71 1.78 1.80,980268,25
20:10:24,1.71 1.78 1.80,980372,25
20:10:25,1.71 1.78 1.80,980772,25
20:10:26,1.71 1.78 1.80,980520,25
20:10:27,1.71 1.78 1.80,980372,25
20:10:28,1.66 1.76 1.79,980520,25
20:10:29,1.66 1.76 1.79,980876,25
20:10:30,1.66 1.76 1.79,980876,25
20:10:31,1.66 1.76 1.79,980624,25
20:10:32,1.68 1.77 1.79,980876,25
20:10:33,1.68 1.77 1.79,980372,25
20:10:34,1.68 1.77 1.79,980432,25
20:10:35,1.68 1.77 1.79,980268,25
20:10:36,1.68 1.77 1.79,979764,25
20:10:38,1.63 1.75 1.79,980016,25
20:10:39,1.63 1.75 1.79,979764,25
20:10:40,1.63 1.75 1.79,980016,25
20:10:41,1.63 1.75 1.79,980120,25
20:10:42,1.63 1.75 1.79,980120,25
20:10:43,1.58 1.74 1.78,980268,25
20:10:44,1.58 1.74 1.78,980624,25
20:10:45,1.58 1.74 1.78,980772,25
20:10:46,1.58 1.74 1.78,980476,25
20:10:47,1.53 1.73 1.78,981024,25
20:10:48,1.53 1.73 1.78,980876,25
20:10:49,1.53 1.73 1.78,981484,25
20:10:50,1.53 1.73 1.78,980016,25
20:10:52,1.53 1.73 1.78,979364,25
20:10:53,1.49 1.72 1.78,979112,25
20:10:54,1.49 1.72 1.78,979616,25
20:10:55,1.49 1.72 1.78,979260,25
20:10:56,1.49 1.72 1.78,979468,25
20:10:57,1.49 1.72 1.78,979260,25
20:10:58,1.45 1.70 1.77,979112,25
20:10:59,1.45 1.70 1.77,979424,25
20:11:00,1.45 1.70 1.77,979260,25
20:11:01,1.45 1.70 1.77,979260,25
20:11:02,1.41 1.69 1.77,979512,25
20:11:03,1.41 1.69 1.77,979364,25
20:11:04,1.41 1.69 1.77,980016,25
20:11:05,1.41 1.69 1.77,979616,25
20:11:07,1.41 1.69 1.77,980016,25
20:11:08,1.46 1.70 1.77,980520,25
20:11:09,1.46 1.70 1.77,980268,25
20:11:10,1.46 1.70 1.77,980016,25
20:11:11,1.46 1.70 1.77,979720,25
20:11:12,1.46 1.70 1.77,980016,25
20:11:13,1.58 1.72 1.77,980268,25
20:11:14,1.58 1.72 1.77,980016,25
20:11:15,1.58 1.72 1.77,980388,25
20:11:16,1.58 1.72 1.77,980372,25
20:11:17,1.62 1.73 1.78,980372,25
20:11:18,1.62 1.73 1.78,980224,25
20:11:19,1.62 1.73 1.78,979868,25
20:11:21,1.62 1.73 1.78,979764,25
20:11:22,1.62 1.73 1.78,980624,25
20:11:23,1.65 1.73 1.78,980876,25
20:11:24,1.65 1.73 1.78,980268,25
20:11:25,1.65 1.73 1.78,980268,25
20:11:26,1.65 1.73 1.78,980624,25
20:11:27,1.65 1.73 1.78,980684,25
20:11:28,2.00 1.80 1.80,980120,25
20:11:29,2.00 1.80 1.80,980016,25
20:11:30,2.00 1.80 1.80,980224,25
20:11:31,2.00 1.80 1.80,980372,25
20:11:32,2.00 1.81 1.80,980120,25
20:11:33,2.00 1.81 1.80,980772,25
20:11:34,2.00 1.81 1.80,980624,25
20:11:36,2.00 1.81 1.80,980624,25
20:11:37,2.00 1.81 1.80,980180,25
20:11:38,2.00 1.81 1.80,979764,25
20:11:39,2.00 1.81 1.80,980372,25
20:11:40,2.00 1.81 1.80,979764,25
20:11:41,2.00 1.81 1.80,980120,25
20:11:42,2.00 1.81 1.80,980476,25
20:11:43,2.08 1.83 1.81,980624,25
20:11:44,2.08 1.83 1.81,979868,25
20:11:45,2.08 1.83 1.81,980016,25
20:11:46,2.08 1.83 1.81,980372,25
20:11:47,1.99 1.81 1.81,980016,25
20:11:48,1.99 1.81 1.81,980372,25
20:11:49,1.99 1.81 1.81,979868,25
20:11:51,1.99 1.81 1.81,979260,25
20:11:52,1.99 1.81 1.81,979512,25
20:11:53,1.91 1.80 1.80,979764,25
20:11:54,1.91 1.80 1.80,980016,25
20:11:55,1.91 1.80 1.80,979364,25
20:11:56,1.91 1.80 1.80,979928,25
20:11:57,1.91 1.80 1.80,980372,25
20:11:58,1.84 1.79 1.80,980224,25
20:11:59,1.84 1.79 1.80,979764,25
20:12:00,1.84 1.79 1.80,979260,25
20:12:01,1.84 1.79 1.80,979364,25
20:12:02,1.77 1.77 1.79,980016,25
20:12:03,1.77 1.77 1.79,979764,25
20:12:05,1.77 1.77 1.79,979764,25
20:12:06,1.77 1.77 1.79,979868,25
20:12:07,1.77 1.77 1.79,980016,25
20:12:08,1.71 1.76 1.79,979780,25
20:12:09,1.71 1.76 1.79,979364,25
20:12:10,1.71 1.76 1.79,980016,25
20:12:11,1.71 1.76 1.79,980016,25
20:12:12,1.65 1.75 1.78,979868,25
20:12:13,1.65 1.75 1.78,980120,25
20:12:14,1.65 1.75 1.78,980432,25
20:12:15,1.65 1.75 1.78,980328,25
20:12:16,1.65 1.75 1.78,979764,25
20:12:17,1.60 1.74 1.78,980268,25
20:12:18,1.60 1.74 1.78,979764,25
20:12:20,1.60 1.74 1.78,980268,25
20:12:21,1.60 1.74 1.78,979720,25
20:12:22,1.60 1.74 1.78,979512,25
20:12:23,1.55 1.72 1.78,979512,25
20:12:24,1.55 1.72 1.78,980076,25
20:12:25,1.55 1.72 1.78,980268,25
20:12:26,1.55 1.72 1.78,980224,25
20:12:27,1.59 1.73 1.78,980016,25
20:12:28,1.59 1.73 1.78,979128,25
20:12:29,1.59 1.73 1.78,979764,25
20:12:30,1.59 1.73 1.78,979512,25
20:12:31,1.59 1.73 1.78,979764,25
20:12:32,1.62 1.73 1.78,980016,25
20:12:34,1.62 1.73 1.78,980016,25
20:12:35,1.62 1.73 1.78,979512,25
20:12:36,1.62 1.73 1.78,979512,25
20:12:37,1.62 1.73 1.78,980372,25
20:12:38,1.65 1.74 1.78,980016,25
20:12:39,1.65 1.74 1.78,980016,25
20:12:40,1.65 1.74 1.78,980016,25
20:12:41,1.65 1.74 1.78,980372,25
20:12:42,1.68 1.74 1.78,981024,25
20:12:43,1.68 1.74 1.78,980492,25
20:12:44,1.68 1.74 1.78,980120,25
20:12:45,1.68 1.74 1.78,980388,25
20:12:46,1.68 1.74 1.78,980016,25
20:12:47,1.71 1.75 1.78,980520,25
20:12:49,1.71 1.75 1.78,980268,25
20:12:50,1.71 1.75 1.78,980372,25
20:12:51,1.71 1.75 1.78,980268,25
20:12:52,1.71 1.75 1.78,980476,25
20:12:53,1.73 1.75 1.78,980372,25
20:12:54,1.73 1.75 1.78,980224,25
20:12:55,1.73 1.75 1.78,980268,25
20:12:56,1.73 1.75 1.78,980016,25
20:12:57,1.75 1.75 1.79,980268,25
20:12:58,1.75 1.75 1.79,979512,25
20:12:59,1.75 1.75 1.79,980476,25
20:13:00,1.75 1.75 1.79,980120,25
20:13:01,1.75 1.75 1.79,980624,25
20:13:03,1.77 1.76 1.79,980016,25
20:13:04,1.77 1.76 1.79,980016,25
20:13:05,1.77 1.76 1.79,980520,25
20:13:06,1.77 1.76 1.79,980268,25
20:13:07,1.77 1.76 1.79,980268,25
20:13:08,1.71 1.75 1.78,980624,25
20:13:09,1.71 1.75 1.78,980372,25
20:13:10,1.71 1.75 1.78,980520,25
20:13:11,1.71 1.75 1.78,980728,25
20:13:12,1.65 1.73 1.78,981024,25
20:13:13,1.65 1.73 1.78,980624,25
20:13:14,1.65 1.73 1.78,980624,25
20:13:15,1.65 1.73 1.78,980876,25
20:13:16,1.65 1.73 1.78,980624,25
20:13:18,1.60 1.72 1.77,980120,25
20:13:19,1.60 1.72 1.77,981024,25
20:13:20,1.60 1.72 1.77,980016,25
20:13:21,1.60 1.72 1.77,980372,25
20:13:22,1.60 1.72 1.77,980536,25
20:13:23,1.55 1.71 1.77,980772,25
20:13:24,1.55 1.71 1.77,980624,25
20:13:25,1.55 1.71 1.77,980520,25
20:13:26,1.55 1.71 1.77,980476,25
20:13:27,1.51 1.70 1.77,980372,25
20:13:28,1.51 1.70 1.77,980624,25
20:13:29,1.51 1.70 1.77,981128,25
20:13:30,1.51 1.70 1.77,981024,25
20:13:32,1.51 1.70 1.77,980520,25
20:13:33,1.47 1.69 1.76,981024,25
20:13:34,1.47 1.69 1.76,980624,25
20:13:35,1.47 1.69 1.76,981128,25
20:13:36,1.47 1.69 1.76,980624,25
20:13:37,1.47 1.69 1.76,980772,25
20:13:38,1.43 1.67 1.76,980624,25
20:13:39,1.43 1.67 1.76,980476,25
20:13:40,1.43 1.67 1.76,980520,25
20:13:41,1.43 1.67 1.76,981024,25
20:13:42,1.39 1.66 1.75,980372,25
20:13:43,1.39 1.66 1.75,980832,25
20:13:44,1.39 1.66 1.75,980372,25
20:13:45,1.39 1.66 1.75,980520,25
20:13:47,1.39 1.66 1.75,980268,25
20:13:48,1.44 1.67 1.75,980268,25
20:13:49,1.44 1.67 1.75,980120,25
20:13:50,1.44 1.67 1.75,980372,25
20:13:51,1.44 1.67 1.75,979764,25
20:13:52,1.44 1.67 1.75,979868,25
20:13:53,1.49 1.67 1.75,979868,25
20:13:54,1.49 1.67 1.75,979616,25
20:13:55,1.49 1.67 1.75,979572,25
20:13:56,1.49 1.67 1.75,979868,25
20:13:57,1.53 1.68 1.76,980624,25
